Site,PSMSL_ID,Latitude,Longitude
GMSL,0,-9999,-9999
SAN FRANCISCO,10,37.81,-122.47
NEW YORK,12,40.7,-74.01
HALIFAX,96,44.67,-63.58
FERNANDINA BEACH,112,30.67,-81.47
TROIS-RIVIERES,126,46.33,-72.55
SEATTLE,127,47.6,-122.34
PHILADELPHIA,135,39.93,-75.14
PORT-SAINT-FRANCOIS,137,46.27,-72.62
POINTE-AU-PERE,138,48.52,-68.47
BATISCAN,144,46.5,-72.25
BALTIMORE,148,39.27,-76.58
HONOLULU,155,21.31,-157.87
SAN DIEGO,158,32.71,-117.17
GALVESTON II,161,29.31,-94.79
TOFINO,165,49.15,-125.92
VICTORIA,166,48.42,-123.37
PRINCE RUPERT,167,54.32,-130.33
CRISTOBAL,169,9.35,-79.92
QUEBEC,173,46.83,-71.17
VANCOUVER,175,49.28,-123.12
HARRINGTON HBR,176,50.5,-59.48
ATLANTIC CITY,180,39.35,-74.42
PORTLAND ,183,43.66,-70.25
KEY WEST,188,24.55,-81.81
NEUVILLE,192,46.7,-71.57
POINT ATKINSON,193,49.33,-123.25
SAINT JOHN,195,45.27,-66.07
DESCHAILLONS,201,46.57,-72.1
LEWES,224,38.78,-75.12
KETCHIKAN,225,55.33,-131.62
CHARLESTON I,234,32.78,-79.92
BOSTON,235,42.35,-71.05
LOS ANGELES,245,33.72,-118.27
PENSACOLA,246,30.4,-87.21
LA JOLLA,256,32.87,-117.26
ASTORIA,265,46.21,-123.77
SEWARD,266,60.12,-149.43
DAYTONA BEACH,270,29.23,-81
SEAVEY ISLAND,288,43.08,-70.74
SEWELLS POINT,299,36.95,-76.33
HILO,300,19.73,-155.06
ANNAPOLIS,311,38.98,-76.48
MAYPORT,316,30.39,-81.43
EASTPORT,332,44.9,-66.98
NEWPORT,351,41.51,-71.33
WASHINGTON DC,360,38.87,-77.02
WILLETS POINT,362,40.79,-73.78
MIAMI BEACH,363,25.77,-80.13
SANDY HOOK,366,40.47,-74.01
WOODS HOLE,367,41.52,-70.67
ST. GEORGES,368,32.37,-64.7
SANTA MONICA,377,34.01,-118.5
CRESCENT CITY,378,41.74,-124.18
FRIDAY HARBOR,384,48.55,-123.01
NEAH BAY,385,48.37,-124.61
GRONDINES,387,46.58,-72.03
PORT AUX BASQUES,392,47.57,-59.13
ST. JOHN'S,393,47.57,-52.72
FORT PULASKI,395,32.03,-80.9
WILMINGTON,396,34.23,-77.95
PORTSMOUTH,399,36.82,-76.29
JUNEAU,405,58.3,-134.41
SOLOMON'S ISLAND,412,38.32,-76.45
GUANTANAMO BAY,418,19.91,-75.15
SITKA,426,57.05,-135.34
CHARLOTTETOWN,427,46.23,-63.12
CEDAR KEY II,428,29.14,-83.03
NEW LONDON,429,41.36,-72.09
PROVIDENCE,430,41.81,-71.4
ALAMEDA,437,37.77,-122.3
EUGENE ISLAND,440,29.37,-91.39
YAKUTAT,445,59.55,-139.73
CHURCHILL,447,58.77,-94.18
RICHMOND,462,37.57,-77.45
ADAK  SWEEPER COVE,487,51.86,-176.63
MASSACRE BAY,491,52.83,173.2
SKAGWAY,495,59.45,-135.33
PORT ISABEL,497,26.06,-97.22
PORT SAN LUIS,508,35.18,-120.76
KWAJALEIN,513,8.73,167.74
MONTAUK,519,41.05,-71.96
ST. PETERSBURG,520,27.76,-82.63
KAHULUI HARBOR,521,20.89,-156.48
MIDWAY ISLAND,523,28.21,-177.36
BAR HARBOR,525,44.39,-68.2
GRAND ISLE,526,29.26,-89.96
PORT ALBERNI,527,49.23,-124.82
CHUUK,528,7.45,151.85
ROCKPORT,538,28.02,-97.05
PAGO PAGO,539,-14.28,-170.69
APRA HARBOUR,540,13.44,144.65
PUERTO LIMON,552,10,-83.03
ALERT BAY,554,50.58,-126.95
PUERTO CORTES,557,15.83,-87.95
GIBARA,563,21.11,-76.12
CORDOVA,566,60.56,-145.75
KODIAK ISLAND,567,57.73,-152.51
CARTAGENA,572,10.4,-75.55
KANTON ISLAND,575,-2.8,-171.72
WAKE ISLAND,595,19.29,166.62
GLOUCESTER POINT,597,37.25,-76.5
JOHNSTON ISLAND,598,16.74,-169.53
KIPTOPEKE BEACH,636,37.16,-75.99
ENEWETOK,665,11.37,162.35
ACAPULCO,686,16.83,-99.92
FULFORD HARBOUR,688,48.77,-123.45
SALINA CRUZ,689,16.17,-95.2
PROGRESO,690,21.3,-89.67
COATZACOALCOS,692,18.15,-94.42
GUAYMAS,693,27.92,-110.9
LA PAZ,695,24.17,-110.35
MAZATLAN,712,23.2,-106.42
FREEPORT,725,28.95,-95.31
MANZANILLO,737,19.05,-104.33
NAWILIWILI BAY,756,21.95,-159.35
UNALASKA,757,53.88,-166.54
MAGUEYES ISLAND,759,17.97,-67.05
NEWPORT BAY,766,33.6,-117.88
ALVARADO,768,18.77,-95.77
SANDWICH MARINA,775,41.77,-70.5
BUZZARDS BAY,776,41.74,-70.62
REEDY POINT,786,39.56,-75.57
ENSENADA,795,31.85,-116.63
CIUDAD DEL CARMEN,796,18.63,-91.85
MOKUOLOE ISLAND,823,21.43,-157.79
GALVESTON I,828,29.29,-94.79
QUEEN CHARLOTTE CITY,829,53.25,-132.07
PORT RENFREW,842,48.55,-124.42
PORT JEFFERSON,848,40.95,-73.08
NOUMEA-CHALEIX,852,-22.3,166.43
NEW ROCHELLE,856,40.89,-73.78
TUXPAN,918,21,-97.33
PADRE ISLAND,919,26.07,-97.15
PORTNEUF,951,46.68,-71.88
BELLA BELLA,984,52.17,-128.13
ST-FRANCOIS,999,47,-70.82
SAN JUAN,1001,18.46,-66.11
CHAMPLAIN,1005,46.43,-72.4
RINCON ISLAND,1013,34.35,-119.44
CIUDAD MADERO,1020,22.25,-97.8
PORT MANSFIELD,1038,26.55,-97.42
ANCHORAGE,1067,61.24,-149.89
BRIDGEPORT,1068,41.17,-73.18
SELDOVIA,1070,59.44,-151.72
PORT HARDY,1071,50.72,-127.48
SANTO TOMAS DE CASTILLA,1080,15.7,-88.62
FORT MYERS,1106,26.65,-81.87
NAPLES,1107,26.13,-81.81
NANTUCKET ISLAND,1111,41.28,-70.1
PICTOU,1121,45.68,-62.7
PATRICIA BAY,1152,48.65,-123.45
CAPE MAY,1153,38.97,-74.96
DAUPHIN ISLAND,1156,30.25,-88.08
YARMOUTH,1158,43.83,-66.13
APALACHICOLA,1193,29.73,-84.98
SOUTH BEACH,1196,44.62,-124.04
STE-ANNE-DES-MONTS,1199,49.13,-66.48
RIVIERE-AU-RENARD,1213,49,-64.38
MAJURO-B,1217,7.1,171.37
BAIE COMEAU,1218,49.23,-68.13
TADOUSSAC,1219,48.13,-69.72
BAMFIELD,1242,48.85,-125.13
ST-JOSEPH-DE-LA-RIVE,1244,47.45,-70.37
NEW  WESTMINSTER,1245,49.2,-122.92
MALAKAL-B,1252,7.33,134.47
RIKITEA,1253,-23.12,-134.97
STEVESTON,1255,49.12,-123.18
CHARLESTON II,1269,43.34,-124.32
EASTER ISLAND-E,1272,-27.15,-109.47
CAMBRIDGE II,1295,38.57,-76.07
CABO DE SAN ANTONIO,1297,21.9,-84.9
NORTH SYDNEY,1299,46.22,-60.25
ARGENTIA,1321,47.3,-53.98
SEPT-ILES,1322,50.2,-66.4
CAMPBELL RIVER,1323,50.02,-125.23
PORT TOWNSEND,1325,48.11,-122.76
SUVA-A,1327,-18.14,178.42
KANTON ISLAND-B,1329,-2.82,-171.72
LOWER ESCUMINAC,1349,47.08,-64.88
NIKISKI,1350,60.68,-151.4
MONTEREY,1352,36.6,-121.89
VALDEZ,1353,61.12,-146.36
TOKE POINT,1354,46.71,-123.97
CABO SAN LUCAS,1355,22.88,-109.9
POHNPEI-B,1370,6.98,158.23
CHRISTMAS ISLAND II,1371,1.98,-157.48
FRENCH FRIGATE SHOALS,1372,23.87,-166.28
HONIARA II,1373,-9.43,159.95
PORT-ALFRED,1392,48.33,-70.87
CHARLOTTE AMALIE,1393,18.34,-64.92
POINT REYES,1394,37.99,-122.98
PAPEETE-B,1397,-17.53,-149.57
NORTH SOUND,1422,19.3,-81.32
SOUTH SOUND,1426,19.27,-81.38
SPRINGMAID PIER,1444,33.66,-78.92
LIME TREE BAY,1447,17.69,-64.75
PENRHYN,1450,-9.02,-158.07
FUNAFUTI,1452,-8.53,179.22
KAPINGAMARANGI,1473,1.1,154.78
SAIPAN,1474,15.23,145.75
CUTLER II,1524,44.64,-67.3
RIMOUSKI,1597,48.48,-68.52
CHERRY POINT,1633,48.86,-122.76
SAND POINT,1634,55.34,-160.5
CHESAPEAKE BAY BR. TUN.,1635,36.97,-76.11
DUCK PIER OUTSIDE,1636,36.18,-75.75
BERGEN POINT,1637,40.64,-74.14
CLEARWATER BEACH,1638,27.98,-82.83
N. SPIT,1639,40.77,-124.22
PORT ORFORD,1640,42.74,-124.5
PANAMA CITY,1641,30.15,-85.67
VACA KEY,1701,24.71,-81.11
BECANCOUR,1798,46.4,-72.38
WINTER HARBOUR,1799,50.52,-128.03
NOME,1800,64.5,-165.43
BETIO,1804,1.37,172.93
LAUTOKA,1805,-17.6,177.44
SABINE PASS NORTH,1835,29.73,-93.87
MAJURO-C,1838,7.11,171.37
FUNAFUTI B,1839,-8.5,179.2
APIA B,1840,-13.83,-171.76
PORT VILA B,1841,-17.76,168.31
NUKU'ALOFA B,1842,-21.14,-175.18
RAROTONGA B,1843,-21.2,-159.78
NAURU-B,1844,-0.53,166.91
PRUDHOE BAY,1857,70.4,-148.53
VIRGINIA KEY,1858,25.73,-80.16
HONIARA-B,1861,-9.43,159.96
CORPUS CHRISTI,1903,27.58,-97.22
CABO CRUZ,1910,19.83,-77.73
CASILDA II,2021,21.75,-79.99
TRIDENT PIER,2123,28.41,-80.59
ARENA COVE,2125,38.91,-123.71
SANTA BARBARA,2126,34.41,-119.69
PORT ANGELES,2127,48.12,-123.44
KAWAIHAE,2128,20.04,-155.83
CAPE HATTERAS,2294,35.22,-75.64
BEAUFORT,2295,34.72,-76.67
grid_71.5_198.5,1001851985,71.5,-161.5
grid_71.5_199.5,1001851995,71.5,-160.5
grid_71.5_200.5,1001852005,71.5,-159.5
grid_71.5_201.5,1001852015,71.5,-158.5
grid_71.5_202.5,1001852025,71.5,-157.5
grid_71.5_203.5,1001852035,71.5,-156.5
grid_71.5_204.5,1001852045,71.5,-155.5
grid_71.5_205.5,1001852055,71.5,-154.5
grid_71.5_206.5,1001852065,71.5,-153.5
grid_71.5_207.5,1001852075,71.5,-152.5
grid_71.5_208.5,1001852085,71.5,-151.5
grid_71.5_209.5,1001852095,71.5,-150.5
grid_71.5_210.5,1001852105,71.5,-149.5
grid_71.5_211.5,1001852115,71.5,-148.5
grid_71.5_212.5,1001852125,71.5,-147.5
grid_71.5_213.5,1001852135,71.5,-146.5
grid_71.5_214.5,1001852145,71.5,-145.5
grid_71.5_215.5,1001852155,71.5,-144.5
grid_71.5_216.5,1001852165,71.5,-143.5
grid_70.5_195.5,1001951955,70.5,-164.5
grid_70.5_196.5,1001951965,70.5,-163.5
grid_70.5_197.5,1001951975,70.5,-162.5
grid_70.5_198.5,1001951985,70.5,-161.5
grid_70.5_199.5,1001951995,70.5,-160.5
grid_70.5_200.5,1001952005,70.5,-159.5
grid_70.5_201.5,1001952015,70.5,-158.5
grid_70.5_202.5,1001952025,70.5,-157.5
grid_70.5_203.5,1001952035,70.5,-156.5
grid_70.5_204.5,1001952045,70.5,-155.5
grid_70.5_205.5,1001952055,70.5,-154.5
grid_70.5_206.5,1001952065,70.5,-153.5
grid_70.5_207.5,1001952075,70.5,-152.5
grid_70.5_208.5,1001952085,70.5,-151.5
grid_70.5_209.5,1001952095,70.5,-150.5
grid_70.5_210.5,1001952105,70.5,-149.5
grid_70.5_211.5,1001952115,70.5,-148.5
grid_70.5_212.5,1001952125,70.5,-147.5
grid_70.5_213.5,1001952135,70.5,-146.5
grid_70.5_214.5,1001952145,70.5,-145.5
grid_70.5_215.5,1001952155,70.5,-144.5
grid_70.5_216.5,1001952165,70.5,-143.5
grid_69.5_192.5,1002051925,69.5,-167.5
grid_69.5_193.5,1002051935,69.5,-166.5
grid_69.5_194.5,1002051945,69.5,-165.5
grid_69.5_195.5,1002051955,69.5,-164.5
grid_69.5_196.5,1002051965,69.5,-163.5
grid_69.5_197.5,1002051975,69.5,-162.5
grid_69.5_198.5,1002051985,69.5,-161.5
grid_69.5_199.5,1002051995,69.5,-160.5
grid_69.5_200.5,1002052005,69.5,-159.5
grid_69.5_206.5,1002052065,69.5,-153.5
grid_69.5_207.5,1002052075,69.5,-152.5
grid_69.5_208.5,1002052085,69.5,-151.5
grid_69.5_209.5,1002052095,69.5,-150.5
grid_69.5_210.5,1002052105,69.5,-149.5
grid_69.5_211.5,1002052115,69.5,-148.5
grid_69.5_212.5,1002052125,69.5,-147.5
grid_69.5_213.5,1002052135,69.5,-146.5
grid_69.5_214.5,1002052145,69.5,-145.5
grid_69.5_215.5,1002052155,69.5,-144.5
grid_69.5_216.5,1002052165,69.5,-143.5
grid_68.5_191.5,1002151915,68.5,-168.5
grid_68.5_192.5,1002151925,68.5,-167.5
grid_68.5_193.5,1002151935,68.5,-166.5
grid_68.5_194.5,1002151945,68.5,-165.5
grid_68.5_195.5,1002151955,68.5,-164.5
grid_68.5_196.5,1002151965,68.5,-163.5
grid_68.5_197.5,1002151975,68.5,-162.5
grid_68.5_198.5,1002151985,68.5,-161.5
grid_68.5_210.5,1002152105,68.5,-149.5
grid_68.5_211.5,1002152115,68.5,-148.5
grid_68.5_212.5,1002152125,68.5,-147.5
grid_67.5_192.5,1002251925,67.5,-167.5
grid_67.5_193.5,1002251935,67.5,-166.5
grid_67.5_194.5,1002251945,67.5,-165.5
grid_67.5_195.5,1002251955,67.5,-164.5
grid_67.5_196.5,1002251965,67.5,-163.5
grid_67.5_197.5,1002251975,67.5,-162.5
grid_67.5_198.5,1002251985,67.5,-161.5
grid_67.5_199.5,1002251995,67.5,-160.5
grid_67.5_200.5,1002252005,67.5,-159.5
grid_66.5_189.5,1002351895,66.5,-170.5
grid_66.5_190.5,1002351905,66.5,-169.5
grid_66.5_191.5,1002351915,66.5,-168.5
grid_66.5_192.5,1002351925,66.5,-167.5
grid_66.5_193.5,1002351935,66.5,-166.5
grid_66.5_194.5,1002351945,66.5,-165.5
grid_66.5_195.5,1002351955,66.5,-164.5
grid_66.5_196.5,1002351965,66.5,-163.5
grid_66.5_197.5,1002351975,66.5,-162.5
grid_66.5_198.5,1002351985,66.5,-161.5
grid_66.5_199.5,1002351995,66.5,-160.5
grid_66.5_200.5,1002352005,66.5,-159.5
grid_66.5_201.5,1002352015,66.5,-158.5
grid_65.5_189.5,1002451895,65.5,-170.5
grid_65.5_190.5,1002451905,65.5,-169.5
grid_65.5_191.5,1002451915,65.5,-168.5
grid_65.5_192.5,1002451925,65.5,-167.5
grid_65.5_193.5,1002451935,65.5,-166.5
grid_65.5_194.5,1002451945,65.5,-165.5
grid_65.5_195.5,1002451955,65.5,-164.5
grid_65.5_196.5,1002451965,65.5,-163.5
grid_65.5_197.5,1002451975,65.5,-162.5
grid_65.5_198.5,1002451985,65.5,-161.5
grid_65.5_199.5,1002451995,65.5,-160.5
grid_65.5_200.5,1002452005,65.5,-159.5
grid_64.5_187.5,1002551875,64.5,-172.5
grid_64.5_188.5,1002551885,64.5,-171.5
grid_64.5_189.5,1002551895,64.5,-170.5
grid_64.5_190.5,1002551905,64.5,-169.5
grid_64.5_191.5,1002551915,64.5,-168.5
grid_64.5_192.5,1002551925,64.5,-167.5
grid_64.5_193.5,1002551935,64.5,-166.5
grid_64.5_194.5,1002551945,64.5,-165.5
grid_64.5_195.5,1002551955,64.5,-164.5
grid_64.5_196.5,1002551965,64.5,-163.5
grid_64.5_197.5,1002551975,64.5,-162.5
grid_64.5_198.5,1002551985,64.5,-161.5
grid_64.5_199.5,1002551995,64.5,-160.5
grid_64.5_200.5,1002552005,64.5,-159.5
grid_64.5_201.5,1002552015,64.5,-158.5
grid_63.5_186.5,1002651865,63.5,-173.5
grid_63.5_187.5,1002651875,63.5,-172.5
grid_63.5_188.5,1002651885,63.5,-171.5
grid_63.5_189.5,1002651895,63.5,-170.5
grid_63.5_190.5,1002651905,63.5,-169.5
grid_63.5_191.5,1002651915,63.5,-168.5
grid_63.5_192.5,1002651925,63.5,-167.5
grid_63.5_193.5,1002651935,63.5,-166.5
grid_63.5_194.5,1002651945,63.5,-165.5
grid_63.5_195.5,1002651955,63.5,-164.5
grid_63.5_196.5,1002651965,63.5,-163.5
grid_63.5_197.5,1002651975,63.5,-162.5
grid_63.5_198.5,1002651985,63.5,-161.5
grid_63.5_199.5,1002651995,63.5,-160.5
grid_63.5_200.5,1002652005,63.5,-159.5
grid_62.5_187.5,1002751875,62.5,-172.5
grid_62.5_188.5,1002751885,62.5,-171.5
grid_62.5_189.5,1002751895,62.5,-170.5
grid_62.5_190.5,1002751905,62.5,-169.5
grid_62.5_191.5,1002751915,62.5,-168.5
grid_62.5_192.5,1002751925,62.5,-167.5
grid_62.5_193.5,1002751935,62.5,-166.5
grid_62.5_194.5,1002751945,62.5,-165.5
grid_62.5_195.5,1002751955,62.5,-164.5
grid_62.5_196.5,1002751965,62.5,-163.5
grid_62.5_197.5,1002751975,62.5,-162.5
grid_62.5_198.5,1002751985,62.5,-161.5
grid_62.5_207.5,1002752075,62.5,-152.5
grid_62.5_208.5,1002752085,62.5,-151.5
grid_62.5_209.5,1002752095,62.5,-150.5
grid_62.5_210.5,1002752105,62.5,-149.5
grid_62.5_211.5,1002752115,62.5,-148.5
grid_62.5_212.5,1002752125,62.5,-147.5
grid_62.5_213.5,1002752135,62.5,-146.5
grid_62.5_214.5,1002752145,62.5,-145.5
grid_62.5_215.5,1002752155,62.5,-144.5
grid_62.5_216.5,1002752165,62.5,-143.5
grid_61.5_186.5,1002851865,61.5,-173.5
grid_61.5_187.5,1002851875,61.5,-172.5
grid_61.5_192.5,1002851925,61.5,-167.5
grid_61.5_193.5,1002851935,61.5,-166.5
grid_61.5_194.5,1002851945,61.5,-165.5
grid_61.5_195.5,1002851955,61.5,-164.5
grid_61.5_196.5,1002851965,61.5,-163.5
grid_61.5_205.5,1002852055,61.5,-154.5
grid_61.5_206.5,1002852065,61.5,-153.5
grid_61.5_207.5,1002852075,61.5,-152.5
grid_61.5_208.5,1002852085,61.5,-151.5
grid_61.5_209.5,1002852095,61.5,-150.5
grid_61.5_210.5,1002852105,61.5,-149.5
grid_61.5_211.5,1002852115,61.5,-148.5
grid_61.5_212.5,1002852125,61.5,-147.5
grid_61.5_213.5,1002852135,61.5,-146.5
grid_61.5_214.5,1002852145,61.5,-145.5
grid_61.5_215.5,1002852155,61.5,-144.5
grid_61.5_216.5,1002852165,61.5,-143.5
grid_61.5_217.5,1002852175,61.5,-142.5
grid_61.5_219.5,1002852195,61.5,-140.5
grid_61.5_220.5,1002852205,61.5,-139.5
grid_60.5_185.5,1002951855,60.5,-174.5
grid_60.5_186.5,1002951865,60.5,-173.5
grid_60.5_187.5,1002951875,60.5,-172.5
grid_60.5_188.5,1002951885,60.5,-171.5
grid_60.5_189.5,1002951895,60.5,-170.5
grid_60.5_191.5,1002951915,60.5,-168.5
grid_60.5_192.5,1002951925,60.5,-167.5
grid_60.5_193.5,1002951935,60.5,-166.5
grid_60.5_194.5,1002951945,60.5,-165.5
grid_60.5_195.5,1002951955,60.5,-164.5
grid_60.5_196.5,1002951965,60.5,-163.5
grid_60.5_197.5,1002951975,60.5,-162.5
grid_60.5_198.5,1002951985,60.5,-161.5
grid_60.5_199.5,1002951995,60.5,-160.5
grid_60.5_205.5,1002952055,60.5,-154.5
grid_60.5_206.5,1002952065,60.5,-153.5
grid_60.5_207.5,1002952075,60.5,-152.5
grid_60.5_208.5,1002952085,60.5,-151.5
grid_60.5_209.5,1002952095,60.5,-150.5
grid_60.5_210.5,1002952105,60.5,-149.5
grid_60.5_211.5,1002952115,60.5,-148.5
grid_60.5_212.5,1002952125,60.5,-147.5
grid_60.5_213.5,1002952135,60.5,-146.5
grid_60.5_214.5,1002952145,60.5,-145.5
grid_60.5_215.5,1002952155,60.5,-144.5
grid_60.5_216.5,1002952165,60.5,-143.5
grid_60.5_217.5,1002952175,60.5,-142.5
grid_60.5_218.5,1002952185,60.5,-141.5
grid_60.5_219.5,1002952195,60.5,-140.5
grid_60.5_220.5,1002952205,60.5,-139.5
grid_60.5_221.5,1002952215,60.5,-138.5
grid_60.5_222.5,1002952225,60.5,-137.5
grid_60.5_223.5,1002952235,60.5,-136.5
grid_60.5_224.5,1002952245,60.5,-135.5
grid_60.5_225.5,1002952255,60.5,-134.5
grid_60.5_226.5,1002952265,60.5,-133.5
grid_60.5_227.5,1002952275,60.5,-132.5
grid_59.5_186.5,1003051865,59.5,-173.5
grid_59.5_187.5,1003051875,59.5,-172.5
grid_59.5_188.5,1003051885,59.5,-171.5
grid_59.5_191.5,1003051915,59.5,-168.5
grid_59.5_192.5,1003051925,59.5,-167.5
grid_59.5_193.5,1003051935,59.5,-166.5
grid_59.5_194.5,1003051945,59.5,-165.5
grid_59.5_195.5,1003051955,59.5,-164.5
grid_59.5_196.5,1003051965,59.5,-163.5
grid_59.5_197.5,1003051975,59.5,-162.5
grid_59.5_198.5,1003051985,59.5,-161.5
grid_59.5_199.5,1003051995,59.5,-160.5
grid_59.5_200.5,1003052005,59.5,-159.5
grid_59.5_201.5,1003052015,59.5,-158.5
grid_59.5_202.5,1003052025,59.5,-157.5
grid_59.5_203.5,1003052035,59.5,-156.5
grid_59.5_204.5,1003052045,59.5,-155.5
grid_59.5_205.5,1003052055,59.5,-154.5
grid_59.5_206.5,1003052065,59.5,-153.5
grid_59.5_207.5,1003052075,59.5,-152.5
grid_59.5_208.5,1003052085,59.5,-151.5
grid_59.5_209.5,1003052095,59.5,-150.5
grid_59.5_210.5,1003052105,59.5,-149.5
grid_59.5_211.5,1003052115,59.5,-148.5
grid_59.5_212.5,1003052125,59.5,-147.5
grid_59.5_213.5,1003052135,59.5,-146.5
grid_59.5_214.5,1003052145,59.5,-145.5
grid_59.5_215.5,1003052155,59.5,-144.5
grid_59.5_216.5,1003052165,59.5,-143.5
grid_59.5_217.5,1003052175,59.5,-142.5
grid_59.5_218.5,1003052185,59.5,-141.5
grid_59.5_219.5,1003052195,59.5,-140.5
grid_59.5_220.5,1003052205,59.5,-139.5
grid_59.5_221.5,1003052215,59.5,-138.5
grid_59.5_222.5,1003052225,59.5,-137.5
grid_59.5_223.5,1003052235,59.5,-136.5
grid_59.5_224.5,1003052245,59.5,-135.5
grid_59.5_225.5,1003052255,59.5,-134.5
grid_59.5_226.5,1003052265,59.5,-133.5
grid_59.5_227.5,1003052275,59.5,-132.5
grid_59.5_228.5,1003052285,59.5,-131.5
grid_59.5_264.5,1003052645,59.5,-95.5
grid_59.5_265.5,1003052655,59.5,-94.5
grid_59.5_266.5,1003052665,59.5,-93.5
grid_59.5_267.5,1003052675,59.5,-92.5
grid_59.5_268.5,1003052685,59.5,-91.5
grid_58.5_196.5,1003151965,58.5,-163.5
grid_58.5_197.5,1003151975,58.5,-162.5
grid_58.5_198.5,1003151985,58.5,-161.5
grid_58.5_199.5,1003151995,58.5,-160.5
grid_58.5_200.5,1003152005,58.5,-159.5
grid_58.5_201.5,1003152015,58.5,-158.5
grid_58.5_202.5,1003152025,58.5,-157.5
grid_58.5_203.5,1003152035,58.5,-156.5
grid_58.5_204.5,1003152045,58.5,-155.5
grid_58.5_205.5,1003152055,58.5,-154.5
grid_58.5_206.5,1003152065,58.5,-153.5
grid_58.5_207.5,1003152075,58.5,-152.5
grid_58.5_208.5,1003152085,58.5,-151.5
grid_58.5_209.5,1003152095,58.5,-150.5
grid_58.5_210.5,1003152105,58.5,-149.5
grid_58.5_211.5,1003152115,58.5,-148.5
grid_58.5_212.5,1003152125,58.5,-147.5
grid_58.5_217.5,1003152175,58.5,-142.5
grid_58.5_218.5,1003152185,58.5,-141.5
grid_58.5_219.5,1003152195,58.5,-140.5
grid_58.5_220.5,1003152205,58.5,-139.5
grid_58.5_221.5,1003152215,58.5,-138.5
grid_58.5_222.5,1003152225,58.5,-137.5
grid_58.5_223.5,1003152235,58.5,-136.5
grid_58.5_224.5,1003152245,58.5,-135.5
grid_58.5_225.5,1003152255,58.5,-134.5
grid_58.5_226.5,1003152265,58.5,-133.5
grid_58.5_227.5,1003152275,58.5,-132.5
grid_58.5_228.5,1003152285,58.5,-131.5
grid_58.5_264.5,1003152645,58.5,-95.5
grid_58.5_265.5,1003152655,58.5,-94.5
grid_58.5_266.5,1003152665,58.5,-93.5
grid_58.5_267.5,1003152675,58.5,-92.5
grid_58.5_268.5,1003152685,58.5,-91.5
grid_58.5_269.5,1003152695,58.5,-90.5
grid_57.5_188.5,1003251885,57.5,-171.5
grid_57.5_189.5,1003251895,57.5,-170.5
grid_57.5_190.5,1003251905,57.5,-169.5
grid_57.5_191.5,1003251915,57.5,-168.5
grid_57.5_200.5,1003252005,57.5,-159.5
grid_57.5_201.5,1003252015,57.5,-158.5
grid_57.5_202.5,1003252025,57.5,-157.5
grid_57.5_203.5,1003252035,57.5,-156.5
grid_57.5_204.5,1003252045,57.5,-155.5
grid_57.5_205.5,1003252055,57.5,-154.5
grid_57.5_206.5,1003252065,57.5,-153.5
grid_57.5_207.5,1003252075,57.5,-152.5
grid_57.5_208.5,1003252085,57.5,-151.5
grid_57.5_209.5,1003252095,57.5,-150.5
grid_57.5_210.5,1003252105,57.5,-149.5
grid_57.5_221.5,1003252215,57.5,-138.5
grid_57.5_222.5,1003252225,57.5,-137.5
grid_57.5_223.5,1003252235,57.5,-136.5
grid_57.5_224.5,1003252245,57.5,-135.5
grid_57.5_225.5,1003252255,57.5,-134.5
grid_57.5_226.5,1003252265,57.5,-133.5
grid_57.5_227.5,1003252275,57.5,-132.5
grid_57.5_228.5,1003252285,57.5,-131.5
grid_57.5_264.5,1003252645,57.5,-95.5
grid_57.5_265.5,1003252655,57.5,-94.5
grid_57.5_266.5,1003252665,57.5,-93.5
grid_57.5_267.5,1003252675,57.5,-92.5
grid_57.5_268.5,1003252685,57.5,-91.5
grid_56.5_188.5,1003351885,56.5,-171.5
grid_56.5_189.5,1003351895,56.5,-170.5
grid_56.5_190.5,1003351905,56.5,-169.5
grid_56.5_191.5,1003351915,56.5,-168.5
grid_56.5_197.5,1003351975,56.5,-162.5
grid_56.5_198.5,1003351985,56.5,-161.5
grid_56.5_199.5,1003351995,56.5,-160.5
grid_56.5_200.5,1003352005,56.5,-159.5
grid_56.5_201.5,1003352015,56.5,-158.5
grid_56.5_202.5,1003352025,56.5,-157.5
grid_56.5_203.5,1003352035,56.5,-156.5
grid_56.5_204.5,1003352045,56.5,-155.5
grid_56.5_205.5,1003352055,56.5,-154.5
grid_56.5_206.5,1003352065,56.5,-153.5
grid_56.5_207.5,1003352075,56.5,-152.5
grid_56.5_208.5,1003352085,56.5,-151.5
grid_56.5_209.5,1003352095,56.5,-150.5
grid_56.5_221.5,1003352215,56.5,-138.5
grid_56.5_222.5,1003352225,56.5,-137.5
grid_56.5_223.5,1003352235,56.5,-136.5
grid_56.5_224.5,1003352245,56.5,-135.5
grid_56.5_225.5,1003352255,56.5,-134.5
grid_56.5_226.5,1003352265,56.5,-133.5
grid_56.5_227.5,1003352275,56.5,-132.5
grid_56.5_228.5,1003352285,56.5,-131.5
grid_56.5_229.5,1003352295,56.5,-130.5
grid_56.5_230.5,1003352305,56.5,-129.5
grid_55.5_191.5,1003451915,55.5,-168.5
grid_55.5_192.5,1003451925,55.5,-167.5
grid_55.5_193.5,1003451935,55.5,-166.5
grid_55.5_194.5,1003451945,55.5,-165.5
grid_55.5_195.5,1003451955,55.5,-164.5
grid_55.5_196.5,1003451965,55.5,-163.5
grid_55.5_197.5,1003451975,55.5,-162.5
grid_55.5_198.5,1003451985,55.5,-161.5
grid_55.5_199.5,1003451995,55.5,-160.5
grid_55.5_200.5,1003452005,55.5,-159.5
grid_55.5_201.5,1003452015,55.5,-158.5
grid_55.5_202.5,1003452025,55.5,-157.5
grid_55.5_205.5,1003452055,55.5,-154.5
grid_55.5_222.5,1003452225,55.5,-137.5
grid_55.5_223.5,1003452235,55.5,-136.5
grid_55.5_224.5,1003452245,55.5,-135.5
grid_55.5_225.5,1003452255,55.5,-134.5
grid_55.5_226.5,1003452265,55.5,-133.5
grid_55.5_227.5,1003452275,55.5,-132.5
grid_55.5_228.5,1003452285,55.5,-131.5
grid_55.5_229.5,1003452295,55.5,-130.5
grid_55.5_230.5,1003452305,55.5,-129.5
grid_55.5_231.5,1003452315,55.5,-128.5
grid_54.5_171.5,1003551715,54.5,171.5
grid_54.5_172.5,1003551725,54.5,172.5
grid_54.5_173.5,1003551735,54.5,173.5
grid_54.5_174.5,1003551745,54.5,174.5
grid_54.5_190.5,1003551905,54.5,-169.5
grid_54.5_191.5,1003551915,54.5,-168.5
grid_54.5_192.5,1003551925,54.5,-167.5
grid_54.5_193.5,1003551935,54.5,-166.5
grid_54.5_194.5,1003551945,54.5,-165.5
grid_54.5_195.5,1003551955,54.5,-164.5
grid_54.5_196.5,1003551965,54.5,-163.5
grid_54.5_197.5,1003551975,54.5,-162.5
grid_54.5_198.5,1003551985,54.5,-161.5
grid_54.5_199.5,1003551995,54.5,-160.5
grid_54.5_200.5,1003552005,54.5,-159.5
grid_54.5_201.5,1003552015,54.5,-158.5
grid_54.5_202.5,1003552025,54.5,-157.5
grid_54.5_225.5,1003552255,54.5,-134.5
grid_54.5_226.5,1003552265,54.5,-133.5
grid_54.5_227.5,1003552275,54.5,-132.5
grid_54.5_228.5,1003552285,54.5,-131.5
grid_54.5_229.5,1003552295,54.5,-130.5
grid_54.5_230.5,1003552305,54.5,-129.5
grid_54.5_231.5,1003552315,54.5,-128.5
grid_54.5_232.5,1003552325,54.5,-127.5
grid_53.5_170.5,1003651705,53.5,170.5
grid_53.5_171.5,1003651715,53.5,171.5
grid_53.5_172.5,1003651725,53.5,172.5
grid_53.5_173.5,1003651735,53.5,173.5
grid_53.5_174.5,1003651745,53.5,174.5
grid_53.5_175.5,1003651755,53.5,175.5
grid_53.5_181.5,1003651815,53.5,-178.5
grid_53.5_182.5,1003651825,53.5,-177.5
grid_53.5_183.5,1003651835,53.5,-176.5
grid_53.5_184.5,1003651845,53.5,-175.5
grid_53.5_188.5,1003651885,53.5,-171.5
grid_53.5_189.5,1003651895,53.5,-170.5
grid_53.5_190.5,1003651905,53.5,-169.5
grid_53.5_191.5,1003651915,53.5,-168.5
grid_53.5_192.5,1003651925,53.5,-167.5
grid_53.5_193.5,1003651935,53.5,-166.5
grid_53.5_194.5,1003651945,53.5,-165.5
grid_53.5_195.5,1003651955,53.5,-164.5
grid_53.5_196.5,1003651965,53.5,-163.5
grid_53.5_197.5,1003651975,53.5,-162.5
grid_53.5_198.5,1003651985,53.5,-161.5
grid_53.5_199.5,1003651995,53.5,-160.5
grid_53.5_200.5,1003652005,53.5,-159.5
grid_53.5_225.5,1003652255,53.5,-134.5
grid_53.5_226.5,1003652265,53.5,-133.5
grid_53.5_227.5,1003652275,53.5,-132.5
grid_53.5_228.5,1003652285,53.5,-131.5
grid_53.5_229.5,1003652295,53.5,-130.5
grid_53.5_230.5,1003652305,53.5,-129.5
grid_53.5_231.5,1003652315,53.5,-128.5
grid_53.5_232.5,1003652325,53.5,-127.5
grid_53.5_233.5,1003652335,53.5,-126.5
grid_52.5_170.5,1003751705,52.5,170.5
grid_52.5_171.5,1003751715,52.5,171.5
grid_52.5_172.5,1003751725,52.5,172.5
grid_52.5_173.5,1003751735,52.5,173.5
grid_52.5_174.5,1003751745,52.5,174.5
grid_52.5_175.5,1003751755,52.5,175.5
grid_52.5_176.5,1003751765,52.5,-183.5
grid_52.5_177.5,1003751775,52.5,-182.5
grid_52.5_178.5,1003751785,52.5,-181.5
grid_52.5_179.5,1003751795,52.5,-180.5
grid_52.5_180.5,1003751805,52.5,180.5
grid_52.5_181.5,1003751815,52.5,-178.5
grid_52.5_182.5,1003751825,52.5,-177.5
grid_52.5_183.5,1003751835,52.5,-176.5
grid_52.5_184.5,1003751845,52.5,-175.5
grid_52.5_185.5,1003751855,52.5,-174.5
grid_52.5_186.5,1003751865,52.5,-173.5
grid_52.5_187.5,1003751875,52.5,-172.5
grid_52.5_188.5,1003751885,52.5,-171.5
grid_52.5_189.5,1003751895,52.5,-170.5
grid_52.5_190.5,1003751905,52.5,-169.5
grid_52.5_191.5,1003751915,52.5,-168.5
grid_52.5_192.5,1003751925,52.5,-167.5
grid_52.5_193.5,1003751935,52.5,-166.5
grid_52.5_194.5,1003751945,52.5,-165.5
grid_52.5_195.5,1003751955,52.5,-164.5
grid_52.5_225.5,1003752255,52.5,-134.5
grid_52.5_226.5,1003752265,52.5,-133.5
grid_52.5_227.5,1003752275,52.5,-132.5
grid_52.5_228.5,1003752285,52.5,-131.5
grid_52.5_229.5,1003752295,52.5,-130.5
grid_52.5_230.5,1003752305,52.5,-129.5
grid_52.5_231.5,1003752315,52.5,-128.5
grid_52.5_232.5,1003752325,52.5,-127.5
grid_52.5_233.5,1003752335,52.5,-126.5
grid_52.5_234.5,1003752345,52.5,-125.5
grid_51.5_171.5,1003851715,51.5,171.5
grid_51.5_172.5,1003851725,51.5,172.5
grid_51.5_173.5,1003851735,51.5,173.5
grid_51.5_174.5,1003851745,51.5,174.5
grid_51.5_175.5,1003851755,51.5,175.5
grid_51.5_176.5,1003851765,51.5,-183.5
grid_51.5_177.5,1003851775,51.5,-182.5
grid_51.5_178.5,1003851785,51.5,-181.5
grid_51.5_179.5,1003851795,51.5,-180.5
grid_51.5_180.5,1003851805,51.5,180.5
grid_51.5_181.5,1003851815,51.5,-178.5
grid_51.5_182.5,1003851825,51.5,-177.5
grid_51.5_183.5,1003851835,51.5,-176.5
grid_51.5_184.5,1003851845,51.5,-175.5
grid_51.5_185.5,1003851855,51.5,-174.5
grid_51.5_186.5,1003851865,51.5,-173.5
grid_51.5_187.5,1003851875,51.5,-172.5
grid_51.5_188.5,1003851885,51.5,-171.5
grid_51.5_226.5,1003852265,51.5,-133.5
grid_51.5_227.5,1003852275,51.5,-132.5
grid_51.5_228.5,1003852285,51.5,-131.5
grid_51.5_229.5,1003852295,51.5,-130.5
grid_51.5_230.5,1003852305,51.5,-129.5
grid_51.5_231.5,1003852315,51.5,-128.5
grid_51.5_232.5,1003852325,51.5,-127.5
grid_51.5_233.5,1003852335,51.5,-126.5
grid_51.5_234.5,1003852345,51.5,-125.5
grid_51.5_235.5,1003852355,51.5,-124.5
grid_51.5_236.5,1003852365,51.5,-123.5
grid_51.5_291.5,1003852915,51.5,-68.5
grid_51.5_292.5,1003852925,51.5,-67.5
grid_51.5_293.5,1003852935,51.5,-66.5
grid_51.5_294.5,1003852945,51.5,-65.5
grid_51.5_295.5,1003852955,51.5,-64.5
grid_51.5_298.5,1003852985,51.5,-61.5
grid_51.5_299.5,1003852995,51.5,-60.5
grid_51.5_300.5,1003853005,51.5,-59.5
grid_51.5_301.5,1003853015,51.5,-58.5
grid_51.5_302.5,1003853025,51.5,-57.5
grid_50.5_178.5,1003951785,50.5,-181.5
grid_50.5_179.5,1003951795,50.5,-180.5
grid_50.5_180.5,1003951805,50.5,-179.5
grid_50.5_181.5,1003951815,50.5,-178.5
grid_50.5_182.5,1003951825,50.5,-177.5
grid_50.5_183.5,1003951835,50.5,-176.5
grid_50.5_184.5,1003951845,50.5,-175.5
grid_50.5_185.5,1003951855,50.5,-174.5
grid_50.5_229.5,1003952295,50.5,-130.5
grid_50.5_230.5,1003952305,50.5,-129.5
grid_50.5_231.5,1003952315,50.5,-128.5
grid_50.5_232.5,1003952325,50.5,-127.5
grid_50.5_233.5,1003952335,50.5,-126.5
grid_50.5_234.5,1003952345,50.5,-125.5
grid_50.5_235.5,1003952355,50.5,-124.5
grid_50.5_236.5,1003952365,50.5,-123.5
grid_50.5_237.5,1003952375,50.5,-122.5
grid_50.5_238.5,1003952385,50.5,-121.5
grid_50.5_289.5,1003952895,50.5,-70.5
grid_50.5_290.5,1003952905,50.5,-69.5
grid_50.5_291.5,1003952915,50.5,-68.5
grid_50.5_292.5,1003952925,50.5,-67.5
grid_50.5_293.5,1003952935,50.5,-66.5
grid_50.5_294.5,1003952945,50.5,-65.5
grid_50.5_295.5,1003952955,50.5,-64.5
grid_50.5_296.5,1003952965,50.5,-63.5
grid_50.5_297.5,1003952975,50.5,-62.5
grid_50.5_298.5,1003952985,50.5,-61.5
grid_50.5_299.5,1003952995,50.5,-60.5
grid_50.5_300.5,1003953005,50.5,-59.5
grid_50.5_301.5,1003953015,50.5,-58.5
grid_50.5_302.5,1003953025,50.5,-57.5
grid_50.5_303.5,1003953035,50.5,-56.5
grid_49.5_229.5,1004052295,49.5,-130.5
grid_49.5_230.5,1004052305,49.5,-129.5
grid_49.5_231.5,1004052315,49.5,-128.5
grid_49.5_232.5,1004052325,49.5,-127.5
grid_49.5_233.5,1004052335,49.5,-126.5
grid_49.5_234.5,1004052345,49.5,-125.5
grid_49.5_235.5,1004052355,49.5,-124.5
grid_49.5_236.5,1004052365,49.5,-123.5
grid_49.5_237.5,1004052375,49.5,-122.5
grid_49.5_238.5,1004052385,49.5,-121.5
grid_49.5_239.5,1004052395,49.5,-120.5
grid_49.5_287.5,1004052875,49.5,-72.5
grid_49.5_288.5,1004052885,49.5,-71.5
grid_49.5_289.5,1004052895,49.5,-70.5
grid_49.5_290.5,1004052905,49.5,-69.5
grid_49.5_291.5,1004052915,49.5,-68.5
grid_49.5_292.5,1004052925,49.5,-67.5
grid_49.5_293.5,1004052935,49.5,-66.5
grid_49.5_294.5,1004052945,49.5,-65.5
grid_49.5_295.5,1004052955,49.5,-64.5
grid_49.5_296.5,1004052965,49.5,-63.5
grid_49.5_297.5,1004052975,49.5,-62.5
grid_49.5_298.5,1004052985,49.5,-61.5
grid_49.5_299.5,1004052995,49.5,-60.5
grid_49.5_300.5,1004053005,49.5,-59.5
grid_49.5_301.5,1004053015,49.5,-58.5
grid_49.5_302.5,1004053025,49.5,-57.5
grid_49.5_307.5,1004053075,49.5,-52.5
grid_48.5_231.5,1004152315,48.5,-128.5
grid_48.5_232.5,1004152325,48.5,-127.5
grid_48.5_233.5,1004152335,48.5,-126.5
grid_48.5_234.5,1004152345,48.5,-125.5
grid_48.5_235.5,1004152355,48.5,-124.5
grid_48.5_236.5,1004152365,48.5,-123.5
grid_48.5_237.5,1004152375,48.5,-122.5
grid_48.5_238.5,1004152385,48.5,-121.5
grid_48.5_239.5,1004152395,48.5,-120.5
grid_48.5_286.5,1004152865,48.5,-73.5
grid_48.5_287.5,1004152875,48.5,-72.5
grid_48.5_288.5,1004152885,48.5,-71.5
grid_48.5_289.5,1004152895,48.5,-70.5
grid_48.5_290.5,1004152905,48.5,-69.5
grid_48.5_291.5,1004152915,48.5,-68.5
grid_48.5_292.5,1004152925,48.5,-67.5
grid_48.5_293.5,1004152935,48.5,-66.5
grid_48.5_294.5,1004152945,48.5,-65.5
grid_48.5_295.5,1004152955,48.5,-64.5
grid_48.5_296.5,1004152965,48.5,-63.5
grid_48.5_297.5,1004152975,48.5,-62.5
grid_48.5_298.5,1004152985,48.5,-61.5
grid_48.5_299.5,1004152995,48.5,-60.5
grid_48.5_300.5,1004153005,48.5,-59.5
grid_48.5_301.5,1004153015,48.5,-58.5
grid_48.5_302.5,1004153025,48.5,-57.5
grid_48.5_303.5,1004153035,48.5,-56.5
grid_48.5_304.5,1004153045,48.5,-55.5
grid_48.5_305.5,1004153055,48.5,-54.5
grid_48.5_306.5,1004153065,48.5,-53.5
grid_48.5_307.5,1004153075,48.5,-52.5
grid_48.5_308.5,1004153085,48.5,-51.5
grid_47.5_232.5,1004252325,47.5,-127.5
grid_47.5_233.5,1004252335,47.5,-126.5
grid_47.5_234.5,1004252345,47.5,-125.5
grid_47.5_235.5,1004252355,47.5,-124.5
grid_47.5_236.5,1004252365,47.5,-123.5
grid_47.5_237.5,1004252375,47.5,-122.5
grid_47.5_238.5,1004252385,47.5,-121.5
grid_47.5_239.5,1004252395,47.5,-120.5
grid_47.5_240.5,1004252405,47.5,-119.5
grid_47.5_285.5,1004252855,47.5,-74.5
grid_47.5_286.5,1004252865,47.5,-73.5
grid_47.5_287.5,1004252875,47.5,-72.5
grid_47.5_288.5,1004252885,47.5,-71.5
grid_47.5_289.5,1004252895,47.5,-70.5
grid_47.5_290.5,1004252905,47.5,-69.5
grid_47.5_291.5,1004252915,47.5,-68.5
grid_47.5_292.5,1004252925,47.5,-67.5
grid_47.5_293.5,1004252935,47.5,-66.5
grid_47.5_294.5,1004252945,47.5,-65.5
grid_47.5_295.5,1004252955,47.5,-64.5
grid_47.5_296.5,1004252965,47.5,-63.5
grid_47.5_297.5,1004252975,47.5,-62.5
grid_47.5_298.5,1004252985,47.5,-61.5
grid_47.5_299.5,1004252995,47.5,-60.5
grid_47.5_300.5,1004253005,47.5,-59.5
grid_47.5_301.5,1004253015,47.5,-58.5
grid_47.5_302.5,1004253025,47.5,-57.5
grid_47.5_303.5,1004253035,47.5,-56.5
grid_47.5_304.5,1004253045,47.5,-55.5
grid_47.5_305.5,1004253055,47.5,-54.5
grid_47.5_306.5,1004253065,47.5,-53.5
grid_47.5_307.5,1004253075,47.5,-52.5
grid_47.5_308.5,1004253085,47.5,-51.5
grid_46.5_233.5,1004352335,46.5,-126.5
grid_46.5_234.5,1004352345,46.5,-125.5
grid_46.5_235.5,1004352355,46.5,-124.5
grid_46.5_236.5,1004352365,46.5,-123.5
grid_46.5_237.5,1004352375,46.5,-122.5
grid_46.5_238.5,1004352385,46.5,-121.5
grid_46.5_239.5,1004352395,46.5,-120.5
grid_46.5_285.5,1004352855,46.5,-74.5
grid_46.5_286.5,1004352865,46.5,-73.5
grid_46.5_287.5,1004352875,46.5,-72.5
grid_46.5_288.5,1004352885,46.5,-71.5
grid_46.5_289.5,1004352895,46.5,-70.5
grid_46.5_290.5,1004352905,46.5,-69.5
grid_46.5_291.5,1004352915,46.5,-68.5
grid_46.5_292.5,1004352925,46.5,-67.5
grid_46.5_293.5,1004352935,46.5,-66.5
grid_46.5_294.5,1004352945,46.5,-65.5
grid_46.5_295.5,1004352955,46.5,-64.5
grid_46.5_296.5,1004352965,46.5,-63.5
grid_46.5_297.5,1004352975,46.5,-62.5
grid_46.5_298.5,1004352985,46.5,-61.5
grid_46.5_299.5,1004352995,46.5,-60.5
grid_46.5_300.5,1004353005,46.5,-59.5
grid_46.5_301.5,1004353015,46.5,-58.5
grid_46.5_302.5,1004353025,46.5,-57.5
grid_46.5_303.5,1004353035,46.5,-56.5
grid_46.5_304.5,1004353045,46.5,-55.5
grid_46.5_305.5,1004353055,46.5,-54.5
grid_46.5_306.5,1004353065,46.5,-53.5
grid_46.5_307.5,1004353075,46.5,-52.5
grid_46.5_308.5,1004353085,46.5,-51.5
grid_45.5_233.5,1004452335,45.5,-126.5
grid_45.5_234.5,1004452345,45.5,-125.5
grid_45.5_235.5,1004452355,45.5,-124.5
grid_45.5_236.5,1004452365,45.5,-123.5
grid_45.5_237.5,1004452375,45.5,-122.5
grid_45.5_238.5,1004452385,45.5,-121.5
grid_45.5_285.5,1004452855,45.5,-74.5
grid_45.5_286.5,1004452865,45.5,-73.5
grid_45.5_287.5,1004452875,45.5,-72.5
grid_45.5_288.5,1004452885,45.5,-71.5
grid_45.5_289.5,1004452895,45.5,-70.5
grid_45.5_290.5,1004452905,45.5,-69.5
grid_45.5_291.5,1004452915,45.5,-68.5
grid_45.5_292.5,1004452925,45.5,-67.5
grid_45.5_293.5,1004452935,45.5,-66.5
grid_45.5_294.5,1004452945,45.5,-65.5
grid_45.5_295.5,1004452955,45.5,-64.5
grid_45.5_296.5,1004452965,45.5,-63.5
grid_45.5_297.5,1004452975,45.5,-62.5
grid_45.5_298.5,1004452985,45.5,-61.5
grid_45.5_299.5,1004452995,45.5,-60.5
grid_45.5_300.5,1004453005,45.5,-59.5
grid_45.5_301.5,1004453015,45.5,-58.5
grid_45.5_305.5,1004453055,45.5,-54.5
grid_45.5_306.5,1004453065,45.5,-53.5
grid_44.5_233.5,1004552335,44.5,-126.5
grid_44.5_234.5,1004552345,44.5,-125.5
grid_44.5_235.5,1004552355,44.5,-124.5
grid_44.5_236.5,1004552365,44.5,-123.5
grid_44.5_237.5,1004552375,44.5,-122.5
grid_44.5_238.5,1004552385,44.5,-121.5
grid_44.5_286.5,1004552865,44.5,-73.5
grid_44.5_287.5,1004552875,44.5,-72.5
grid_44.5_288.5,1004552885,44.5,-71.5
grid_44.5_289.5,1004552895,44.5,-70.5
grid_44.5_290.5,1004552905,44.5,-69.5
grid_44.5_291.5,1004552915,44.5,-68.5
grid_44.5_292.5,1004552925,44.5,-67.5
grid_44.5_293.5,1004552935,44.5,-66.5
grid_44.5_294.5,1004552945,44.5,-65.5
grid_44.5_295.5,1004552955,44.5,-64.5
grid_44.5_296.5,1004552965,44.5,-63.5
grid_44.5_297.5,1004552975,44.5,-62.5
grid_44.5_298.5,1004552985,44.5,-61.5
grid_44.5_299.5,1004552995,44.5,-60.5
grid_44.5_300.5,1004553005,44.5,-59.5
grid_43.5_233.5,1004652335,43.5,-126.5
grid_43.5_234.5,1004652345,43.5,-125.5
grid_43.5_235.5,1004652355,43.5,-124.5
grid_43.5_236.5,1004652365,43.5,-123.5
grid_43.5_237.5,1004652375,43.5,-122.5
grid_43.5_287.5,1004652875,43.5,-72.5
grid_43.5_288.5,1004652885,43.5,-71.5
grid_43.5_289.5,1004652895,43.5,-70.5
grid_43.5_290.5,1004652905,43.5,-69.5
grid_43.5_291.5,1004652915,43.5,-68.5
grid_43.5_292.5,1004652925,43.5,-67.5
grid_43.5_293.5,1004652935,43.5,-66.5
grid_43.5_294.5,1004652945,43.5,-65.5
grid_43.5_295.5,1004652955,43.5,-64.5
grid_43.5_296.5,1004652965,43.5,-63.5
grid_43.5_297.5,1004652975,43.5,-62.5
grid_43.5_298.5,1004652985,43.5,-61.5
grid_42.5_233.5,1004752335,42.5,-126.5
grid_42.5_234.5,1004752345,42.5,-125.5
grid_42.5_235.5,1004752355,42.5,-124.5
grid_42.5_236.5,1004752365,42.5,-123.5
grid_42.5_237.5,1004752375,42.5,-122.5
grid_42.5_285.5,1004752855,42.5,-74.5
grid_42.5_286.5,1004752865,42.5,-73.5
grid_42.5_287.5,1004752875,42.5,-72.5
grid_42.5_288.5,1004752885,42.5,-71.5
grid_42.5_289.5,1004752895,42.5,-70.5
grid_42.5_290.5,1004752905,42.5,-69.5
grid_42.5_291.5,1004752915,42.5,-68.5
grid_42.5_292.5,1004752925,42.5,-67.5
grid_42.5_293.5,1004752935,42.5,-66.5
grid_42.5_294.5,1004752945,42.5,-65.5
grid_42.5_295.5,1004752955,42.5,-64.5
grid_41.5_233.5,1004852335,41.5,-126.5
grid_41.5_234.5,1004852345,41.5,-125.5
grid_41.5_235.5,1004852355,41.5,-124.5
grid_41.5_236.5,1004852365,41.5,-123.5
grid_41.5_237.5,1004852375,41.5,-122.5
grid_41.5_283.5,1004852835,41.5,-76.5
grid_41.5_284.5,1004852845,41.5,-75.5
grid_41.5_285.5,1004852855,41.5,-74.5
grid_41.5_286.5,1004852865,41.5,-73.5
grid_41.5_287.5,1004852875,41.5,-72.5
grid_41.5_288.5,1004852885,41.5,-71.5
grid_41.5_289.5,1004852895,41.5,-70.5
grid_41.5_290.5,1004852905,41.5,-69.5
grid_41.5_291.5,1004852915,41.5,-68.5
grid_41.5_292.5,1004852925,41.5,-67.5
grid_40.5_233.5,1004952335,40.5,-126.5
grid_40.5_234.5,1004952345,40.5,-125.5
grid_40.5_235.5,1004952355,40.5,-124.5
grid_40.5_236.5,1004952365,40.5,-123.5
grid_40.5_237.5,1004952375,40.5,-122.5
grid_40.5_281.5,1004952815,40.5,-78.5
grid_40.5_282.5,1004952825,40.5,-77.5
grid_40.5_283.5,1004952835,40.5,-76.5
grid_40.5_284.5,1004952845,40.5,-75.5
grid_40.5_285.5,1004952855,40.5,-74.5
grid_40.5_286.5,1004952865,40.5,-73.5
grid_40.5_287.5,1004952875,40.5,-72.5
grid_40.5_288.5,1004952885,40.5,-71.5
grid_40.5_289.5,1004952895,40.5,-70.5
grid_40.5_290.5,1004952905,40.5,-69.5
grid_40.5_291.5,1004952915,40.5,-68.5
grid_39.5_234.5,1005052345,39.5,-125.5
grid_39.5_235.5,1005052355,39.5,-124.5
grid_39.5_236.5,1005052365,39.5,-123.5
grid_39.5_237.5,1005052375,39.5,-122.5
grid_39.5_238.5,1005052385,39.5,-121.5
grid_39.5_281.5,1005052815,39.5,-78.5
grid_39.5_282.5,1005052825,39.5,-77.5
grid_39.5_283.5,1005052835,39.5,-76.5
grid_39.5_284.5,1005052845,39.5,-75.5
grid_39.5_285.5,1005052855,39.5,-74.5
grid_39.5_286.5,1005052865,39.5,-73.5
grid_39.5_287.5,1005052875,39.5,-72.5
grid_39.5_288.5,1005052885,39.5,-71.5
grid_39.5_289.5,1005052895,39.5,-70.5
grid_39.5_290.5,1005052905,39.5,-69.5
grid_38.5_234.5,1005152345,38.5,-125.5
grid_38.5_235.5,1005152355,38.5,-124.5
grid_38.5_236.5,1005152365,38.5,-123.5
grid_38.5_237.5,1005152375,38.5,-122.5
grid_38.5_238.5,1005152385,38.5,-121.5
grid_38.5_239.5,1005152395,38.5,-120.5
grid_38.5_280.5,1005152805,38.5,-79.5
grid_38.5_281.5,1005152815,38.5,-78.5
grid_38.5_282.5,1005152825,38.5,-77.5
grid_38.5_283.5,1005152835,38.5,-76.5
grid_38.5_284.5,1005152845,38.5,-75.5
grid_38.5_285.5,1005152855,38.5,-74.5
grid_38.5_286.5,1005152865,38.5,-73.5
grid_38.5_287.5,1005152875,38.5,-72.5
grid_37.5_234.5,1005252345,37.5,-125.5
grid_37.5_235.5,1005252355,37.5,-124.5
grid_37.5_236.5,1005252365,37.5,-123.5
grid_37.5_237.5,1005252375,37.5,-122.5
grid_37.5_238.5,1005252385,37.5,-121.5
grid_37.5_239.5,1005252395,37.5,-120.5
grid_37.5_280.5,1005252805,37.5,-79.5
grid_37.5_281.5,1005252815,37.5,-78.5
grid_37.5_282.5,1005252825,37.5,-77.5
grid_37.5_283.5,1005252835,37.5,-76.5
grid_37.5_284.5,1005252845,37.5,-75.5
grid_37.5_285.5,1005252855,37.5,-74.5
grid_37.5_286.5,1005252865,37.5,-73.5
grid_36.5_235.5,1005352355,36.5,-124.5
grid_36.5_236.5,1005352365,36.5,-123.5
grid_36.5_237.5,1005352375,36.5,-122.5
grid_36.5_238.5,1005352385,36.5,-121.5
grid_36.5_239.5,1005352395,36.5,-120.5
grid_36.5_240.5,1005352405,36.5,-119.5
grid_36.5_280.5,1005352805,36.5,-79.5
grid_36.5_281.5,1005352815,36.5,-78.5
grid_36.5_282.5,1005352825,36.5,-77.5
grid_36.5_283.5,1005352835,36.5,-76.5
grid_36.5_284.5,1005352845,36.5,-75.5
grid_36.5_285.5,1005352855,36.5,-74.5
grid_36.5_286.5,1005352865,36.5,-73.5
grid_35.5_236.5,1005452365,35.5,-123.5
grid_35.5_237.5,1005452375,35.5,-122.5
grid_35.5_238.5,1005452385,35.5,-121.5
grid_35.5_239.5,1005452395,35.5,-120.5
grid_35.5_240.5,1005452405,35.5,-119.5
grid_35.5_241.5,1005452415,35.5,-118.5
grid_35.5_242.5,1005452425,35.5,-117.5
grid_35.5_280.5,1005452805,35.5,-79.5
grid_35.5_281.5,1005452815,35.5,-78.5
grid_35.5_282.5,1005452825,35.5,-77.5
grid_35.5_283.5,1005452835,35.5,-76.5
grid_35.5_284.5,1005452845,35.5,-75.5
grid_35.5_285.5,1005452855,35.5,-74.5
grid_35.5_286.5,1005452865,35.5,-73.5
grid_34.5_237.5,1005552375,34.5,-122.5
grid_34.5_238.5,1005552385,34.5,-121.5
grid_34.5_239.5,1005552395,34.5,-120.5
grid_34.5_240.5,1005552405,34.5,-119.5
grid_34.5_241.5,1005552415,34.5,-118.5
grid_34.5_242.5,1005552425,34.5,-117.5
grid_34.5_243.5,1005552435,34.5,-116.5
grid_34.5_279.5,1005552795,34.5,-80.5
grid_34.5_280.5,1005552805,34.5,-79.5
grid_34.5_281.5,1005552815,34.5,-78.5
grid_34.5_282.5,1005552825,34.5,-77.5
grid_34.5_283.5,1005552835,34.5,-76.5
grid_34.5_284.5,1005552845,34.5,-75.5
grid_34.5_285.5,1005552855,34.5,-74.5
grid_34.5_286.5,1005552865,34.5,-73.5
grid_33.5_238.5,1005652385,33.5,-121.5
grid_33.5_239.5,1005652395,33.5,-120.5
grid_33.5_240.5,1005652405,33.5,-119.5
grid_33.5_241.5,1005652415,33.5,-118.5
grid_33.5_242.5,1005652425,33.5,-117.5
grid_33.5_243.5,1005652435,33.5,-116.5
grid_33.5_244.5,1005652445,33.5,-115.5
grid_33.5_277.5,1005652775,33.5,-82.5
grid_33.5_278.5,1005652785,33.5,-81.5
grid_33.5_279.5,1005652795,33.5,-80.5
grid_33.5_280.5,1005652805,33.5,-79.5
grid_33.5_281.5,1005652815,33.5,-78.5
grid_33.5_282.5,1005652825,33.5,-77.5
grid_33.5_283.5,1005652835,33.5,-76.5
grid_33.5_284.5,1005652845,33.5,-75.5
grid_33.5_285.5,1005652855,33.5,-74.5
grid_33.5_293.5,1005652935,33.5,-66.5
grid_33.5_294.5,1005652945,33.5,-65.5
grid_33.5_295.5,1005652955,33.5,-64.5
grid_33.5_296.5,1005652965,33.5,-63.5
grid_32.5_240.5,1005752405,32.5,-119.5
grid_32.5_241.5,1005752415,32.5,-118.5
grid_32.5_242.5,1005752425,32.5,-117.5
grid_32.5_243.5,1005752435,32.5,-116.5
grid_32.5_244.5,1005752445,32.5,-115.5
grid_32.5_245.5,1005752455,32.5,-114.5
grid_32.5_277.5,1005752775,32.5,-82.5
grid_32.5_278.5,1005752785,32.5,-81.5
grid_32.5_279.5,1005752795,32.5,-80.5
grid_32.5_280.5,1005752805,32.5,-79.5
grid_32.5_281.5,1005752815,32.5,-78.5
grid_32.5_282.5,1005752825,32.5,-77.5
grid_32.5_293.5,1005752935,32.5,-66.5
grid_32.5_294.5,1005752945,32.5,-65.5
grid_32.5_295.5,1005752955,32.5,-64.5
grid_32.5_296.5,1005752965,32.5,-63.5
grid_32.5_297.5,1005752975,32.5,-62.5
grid_31.5_241.5,1005852415,31.5,-118.5
grid_31.5_242.5,1005852425,31.5,-117.5
grid_31.5_243.5,1005852435,31.5,-116.5
grid_31.5_244.5,1005852445,31.5,-115.5
grid_31.5_245.5,1005852455,31.5,-114.5
grid_31.5_265.5,1005852655,31.5,-94.5
grid_31.5_266.5,1005852665,31.5,-93.5
grid_31.5_270.5,1005852705,31.5,-89.5
grid_31.5_271.5,1005852715,31.5,-88.5
grid_31.5_272.5,1005852725,31.5,-87.5
grid_31.5_273.5,1005852735,31.5,-86.5
grid_31.5_274.5,1005852745,31.5,-85.5
grid_31.5_275.5,1005852755,31.5,-84.5
grid_31.5_276.5,1005852765,31.5,-83.5
grid_31.5_277.5,1005852775,31.5,-82.5
grid_31.5_278.5,1005852785,31.5,-81.5
grid_31.5_279.5,1005852795,31.5,-80.5
grid_31.5_280.5,1005852805,31.5,-79.5
grid_31.5_281.5,1005852815,31.5,-78.5
grid_31.5_293.5,1005852935,31.5,-66.5
grid_31.5_294.5,1005852945,31.5,-65.5
grid_31.5_295.5,1005852955,31.5,-64.5
grid_31.5_296.5,1005852965,31.5,-63.5
grid_30.5_242.5,1005952425,30.5,-117.5
grid_30.5_243.5,1005952435,30.5,-116.5
grid_30.5_244.5,1005952445,30.5,-115.5
grid_30.5_263.5,1005952635,30.5,-96.5
grid_30.5_264.5,1005952645,30.5,-95.5
grid_30.5_265.5,1005952655,30.5,-94.5
grid_30.5_266.5,1005952665,30.5,-93.5
grid_30.5_267.5,1005952675,30.5,-92.5
grid_30.5_268.5,1005952685,30.5,-91.5
grid_30.5_269.5,1005952695,30.5,-90.5
grid_30.5_270.5,1005952705,30.5,-89.5
grid_30.5_271.5,1005952715,30.5,-88.5
grid_30.5_272.5,1005952725,30.5,-87.5
grid_30.5_273.5,1005952735,30.5,-86.5
grid_30.5_274.5,1005952745,30.5,-85.5
grid_30.5_275.5,1005952755,30.5,-84.5
grid_30.5_276.5,1005952765,30.5,-83.5
grid_30.5_277.5,1005952775,30.5,-82.5
grid_30.5_278.5,1005952785,30.5,-81.5
grid_30.5_279.5,1005952795,30.5,-80.5
grid_30.5_280.5,1005952805,30.5,-79.5
grid_30.5_294.5,1005952945,30.5,-65.5
grid_30.5_295.5,1005952955,30.5,-64.5
grid_29.5_181.5,1006051815,29.5,-178.5
grid_29.5_182.5,1006051825,29.5,-177.5
grid_29.5_183.5,1006051835,29.5,-176.5
grid_29.5_248.5,1006052485,29.5,-111.5
grid_29.5_249.5,1006052495,29.5,-110.5
grid_29.5_261.5,1006052615,29.5,-98.5
grid_29.5_262.5,1006052625,29.5,-97.5
grid_29.5_263.5,1006052635,29.5,-96.5
grid_29.5_264.5,1006052645,29.5,-95.5
grid_29.5_265.5,1006052655,29.5,-94.5
grid_29.5_266.5,1006052665,29.5,-93.5
grid_29.5_267.5,1006052675,29.5,-92.5
grid_29.5_268.5,1006052685,29.5,-91.5
grid_29.5_269.5,1006052695,29.5,-90.5
grid_29.5_270.5,1006052705,29.5,-89.5
grid_29.5_271.5,1006052715,29.5,-88.5
grid_29.5_272.5,1006052725,29.5,-87.5
grid_29.5_273.5,1006052735,29.5,-86.5
grid_29.5_274.5,1006052745,29.5,-85.5
grid_29.5_275.5,1006052755,29.5,-84.5
grid_29.5_276.5,1006052765,29.5,-83.5
grid_29.5_277.5,1006052775,29.5,-82.5
grid_29.5_278.5,1006052785,29.5,-81.5
grid_29.5_279.5,1006052795,29.5,-80.5
grid_29.5_280.5,1006052805,29.5,-79.5
grid_28.5_180.5,1006151805,28.5,180.5
grid_28.5_181.5,1006151815,28.5,-178.5
grid_28.5_182.5,1006151825,28.5,-177.5
grid_28.5_183.5,1006151835,28.5,-176.5
grid_28.5_184.5,1006151845,28.5,-175.5
grid_28.5_247.5,1006152475,28.5,-112.5
grid_28.5_248.5,1006152485,28.5,-111.5
grid_28.5_249.5,1006152495,28.5,-110.5
grid_28.5_250.5,1006152505,28.5,-109.5
grid_28.5_261.5,1006152615,28.5,-98.5
grid_28.5_262.5,1006152625,28.5,-97.5
grid_28.5_263.5,1006152635,28.5,-96.5
grid_28.5_264.5,1006152645,28.5,-95.5
grid_28.5_265.5,1006152655,28.5,-94.5
grid_28.5_266.5,1006152665,28.5,-93.5
grid_28.5_267.5,1006152675,28.5,-92.5
grid_28.5_268.5,1006152685,28.5,-91.5
grid_28.5_269.5,1006152695,28.5,-90.5
grid_28.5_270.5,1006152705,28.5,-89.5
grid_28.5_271.5,1006152715,28.5,-88.5
grid_28.5_272.5,1006152725,28.5,-87.5
grid_28.5_273.5,1006152735,28.5,-86.5
grid_28.5_274.5,1006152745,28.5,-85.5
grid_28.5_275.5,1006152755,28.5,-84.5
grid_28.5_276.5,1006152765,28.5,-83.5
grid_28.5_277.5,1006152775,28.5,-82.5
grid_28.5_278.5,1006152785,28.5,-81.5
grid_28.5_279.5,1006152795,28.5,-80.5
grid_28.5_280.5,1006152805,28.5,-79.5
grid_28.5_281.5,1006152815,28.5,-78.5
grid_27.5_181.5,1006251815,27.5,-178.5
grid_27.5_182.5,1006251825,27.5,-177.5
grid_27.5_183.5,1006251835,27.5,-176.5
grid_27.5_184.5,1006251845,27.5,-175.5
grid_27.5_247.5,1006252475,27.5,-112.5
grid_27.5_248.5,1006252485,27.5,-111.5
grid_27.5_249.5,1006252495,27.5,-110.5
grid_27.5_250.5,1006252505,27.5,-109.5
grid_27.5_261.5,1006252615,27.5,-98.5
grid_27.5_262.5,1006252625,27.5,-97.5
grid_27.5_263.5,1006252635,27.5,-96.5
grid_27.5_264.5,1006252645,27.5,-95.5
grid_27.5_265.5,1006252655,27.5,-94.5
grid_27.5_268.5,1006252685,27.5,-91.5
grid_27.5_269.5,1006252695,27.5,-90.5
grid_27.5_270.5,1006252705,27.5,-89.5
grid_27.5_275.5,1006252755,27.5,-84.5
grid_27.5_276.5,1006252765,27.5,-83.5
grid_27.5_277.5,1006252775,27.5,-82.5
grid_27.5_278.5,1006252785,27.5,-81.5
grid_27.5_279.5,1006252795,27.5,-80.5
grid_27.5_280.5,1006252805,27.5,-79.5
grid_26.5_181.5,1006351815,26.5,-178.5
grid_26.5_182.5,1006351825,26.5,-177.5
grid_26.5_183.5,1006351835,26.5,-176.5
grid_26.5_248.5,1006352485,26.5,-111.5
grid_26.5_249.5,1006352495,26.5,-110.5
grid_26.5_250.5,1006352505,26.5,-109.5
grid_26.5_261.5,1006352615,26.5,-98.5
grid_26.5_262.5,1006352625,26.5,-97.5
grid_26.5_263.5,1006352635,26.5,-96.5
grid_26.5_264.5,1006352645,26.5,-95.5
grid_26.5_276.5,1006352765,26.5,-83.5
grid_26.5_277.5,1006352775,26.5,-82.5
grid_26.5_278.5,1006352785,26.5,-81.5
grid_26.5_279.5,1006352795,26.5,-80.5
grid_26.5_280.5,1006352805,26.5,-79.5
grid_26.5_281.5,1006352815,26.5,-78.5
grid_25.5_192.5,1006451925,25.5,-167.5
grid_25.5_193.5,1006451935,25.5,-166.5
grid_25.5_194.5,1006451945,25.5,-165.5
grid_25.5_248.5,1006452485,25.5,-111.5
grid_25.5_249.5,1006452495,25.5,-110.5
grid_25.5_250.5,1006452505,25.5,-109.5
grid_25.5_261.5,1006452615,25.5,-98.5
grid_25.5_262.5,1006452625,25.5,-97.5
grid_25.5_263.5,1006452635,25.5,-96.5
grid_25.5_264.5,1006452645,25.5,-95.5
grid_25.5_276.5,1006452765,25.5,-83.5
grid_25.5_277.5,1006452775,25.5,-82.5
grid_25.5_278.5,1006452785,25.5,-81.5
grid_25.5_279.5,1006452795,25.5,-80.5
grid_25.5_280.5,1006452805,25.5,-79.5
grid_25.5_281.5,1006452815,25.5,-78.5
grid_24.5_192.5,1006551925,24.5,-167.5
grid_24.5_193.5,1006551935,24.5,-166.5
grid_24.5_194.5,1006551945,24.5,-165.5
grid_24.5_195.5,1006551955,24.5,-164.5
grid_24.5_247.5,1006552475,24.5,-112.5
grid_24.5_248.5,1006552485,24.5,-111.5
grid_24.5_249.5,1006552495,24.5,-110.5
grid_24.5_250.5,1006552505,24.5,-109.5
grid_24.5_251.5,1006552515,24.5,-108.5
grid_24.5_252.5,1006552525,24.5,-107.5
grid_24.5_253.5,1006552535,24.5,-106.5
grid_24.5_254.5,1006552545,24.5,-105.5
grid_24.5_261.5,1006552615,24.5,-98.5
grid_24.5_262.5,1006552625,24.5,-97.5
grid_24.5_263.5,1006552635,24.5,-96.5
grid_24.5_276.5,1006552765,24.5,-83.5
grid_24.5_277.5,1006552775,24.5,-82.5
grid_24.5_278.5,1006552785,24.5,-81.5
grid_24.5_279.5,1006552795,24.5,-80.5
grid_24.5_280.5,1006552805,24.5,-79.5
grid_24.5_281.5,1006552815,24.5,-78.5
grid_23.5_192.5,1006651925,23.5,-167.5
grid_23.5_193.5,1006651935,23.5,-166.5
grid_23.5_194.5,1006651945,23.5,-165.5
grid_23.5_195.5,1006651955,23.5,-164.5
grid_23.5_199.5,1006651995,23.5,-160.5
grid_23.5_200.5,1006652005,23.5,-159.5
grid_23.5_201.5,1006652015,23.5,-158.5
grid_23.5_248.5,1006652485,23.5,-111.5
grid_23.5_249.5,1006652495,23.5,-110.5
grid_23.5_250.5,1006652505,23.5,-109.5
grid_23.5_251.5,1006652515,23.5,-108.5
grid_23.5_252.5,1006652525,23.5,-107.5
grid_23.5_253.5,1006652535,23.5,-106.5
grid_23.5_254.5,1006652545,23.5,-105.5
grid_23.5_255.5,1006652555,23.5,-104.5
grid_23.5_261.5,1006652615,23.5,-98.5
grid_23.5_262.5,1006652625,23.5,-97.5
grid_23.5_263.5,1006652635,23.5,-96.5
grid_23.5_274.5,1006652745,23.5,-85.5
grid_23.5_275.5,1006652755,23.5,-84.5
grid_23.5_276.5,1006652765,23.5,-83.5
grid_23.5_277.5,1006652775,23.5,-82.5
grid_23.5_278.5,1006652785,23.5,-81.5
grid_23.5_279.5,1006652795,23.5,-80.5
grid_23.5_280.5,1006652805,23.5,-79.5
grid_22.5_192.5,1006751925,22.5,-167.5
grid_22.5_193.5,1006751935,22.5,-166.5
grid_22.5_194.5,1006751945,22.5,-165.5
grid_22.5_199.5,1006751995,22.5,-160.5
grid_22.5_200.5,1006752005,22.5,-159.5
grid_22.5_201.5,1006752015,22.5,-158.5
grid_22.5_202.5,1006752025,22.5,-157.5
grid_22.5_203.5,1006752035,22.5,-156.5
grid_22.5_204.5,1006752045,22.5,-155.5
grid_22.5_248.5,1006752485,22.5,-111.5
grid_22.5_249.5,1006752495,22.5,-110.5
grid_22.5_250.5,1006752505,22.5,-109.5
grid_22.5_251.5,1006752515,22.5,-108.5
grid_22.5_252.5,1006752525,22.5,-107.5
grid_22.5_253.5,1006752535,22.5,-106.5
grid_22.5_254.5,1006752545,22.5,-105.5
grid_22.5_255.5,1006752555,22.5,-104.5
grid_22.5_261.5,1006752615,22.5,-98.5
grid_22.5_262.5,1006752625,22.5,-97.5
grid_22.5_263.5,1006752635,22.5,-96.5
grid_22.5_269.5,1006752695,22.5,-90.5
grid_22.5_270.5,1006752705,22.5,-89.5
grid_22.5_271.5,1006752715,22.5,-88.5
grid_22.5_273.5,1006752735,22.5,-86.5
grid_22.5_274.5,1006752745,22.5,-85.5
grid_22.5_275.5,1006752755,22.5,-84.5
grid_22.5_276.5,1006752765,22.5,-83.5
grid_22.5_278.5,1006752785,22.5,-81.5
grid_22.5_279.5,1006752795,22.5,-80.5
grid_22.5_280.5,1006752805,22.5,-79.5
grid_22.5_281.5,1006752815,22.5,-78.5
grid_22.5_282.5,1006752825,22.5,-77.5
grid_22.5_283.5,1006752835,22.5,-76.5
grid_22.5_284.5,1006752845,22.5,-75.5
grid_21.5_199.5,1006851995,21.5,-160.5
grid_21.5_200.5,1006852005,21.5,-159.5
grid_21.5_201.5,1006852015,21.5,-158.5
grid_21.5_202.5,1006852025,21.5,-157.5
grid_21.5_203.5,1006852035,21.5,-156.5
grid_21.5_204.5,1006852045,21.5,-155.5
grid_21.5_205.5,1006852055,21.5,-154.5
grid_21.5_249.5,1006852495,21.5,-110.5
grid_21.5_250.5,1006852505,21.5,-109.5
grid_21.5_251.5,1006852515,21.5,-108.5
grid_21.5_252.5,1006852525,21.5,-107.5
grid_21.5_253.5,1006852535,21.5,-106.5
grid_21.5_254.5,1006852545,21.5,-105.5
grid_21.5_261.5,1006852615,21.5,-98.5
grid_21.5_262.5,1006852625,21.5,-97.5
grid_21.5_263.5,1006852635,21.5,-96.5
grid_21.5_264.5,1006852645,21.5,-95.5
grid_21.5_268.5,1006852685,21.5,-91.5
grid_21.5_269.5,1006852695,21.5,-90.5
grid_21.5_270.5,1006852705,21.5,-89.5
grid_21.5_271.5,1006852715,21.5,-88.5
grid_21.5_273.5,1006852735,21.5,-86.5
grid_21.5_274.5,1006852745,21.5,-85.5
grid_21.5_275.5,1006852755,21.5,-84.5
grid_21.5_276.5,1006852765,21.5,-83.5
grid_21.5_278.5,1006852785,21.5,-81.5
grid_21.5_279.5,1006852795,21.5,-80.5
grid_21.5_280.5,1006852805,21.5,-79.5
grid_21.5_281.5,1006852815,21.5,-78.5
grid_21.5_282.5,1006852825,21.5,-77.5
grid_21.5_283.5,1006852835,21.5,-76.5
grid_21.5_284.5,1006852845,21.5,-75.5
grid_21.5_285.5,1006852855,21.5,-74.5
grid_20.5_165.5,1006951655,20.5,165.5
grid_20.5_166.5,1006951665,20.5,166.5
grid_20.5_167.5,1006951675,20.5,167.5
grid_20.5_199.5,1006951995,20.5,-160.5
grid_20.5_200.5,1006952005,20.5,-159.5
grid_20.5_201.5,1006952015,20.5,-158.5
grid_20.5_202.5,1006952025,20.5,-157.5
grid_20.5_203.5,1006952035,20.5,-156.5
grid_20.5_204.5,1006952045,20.5,-155.5
grid_20.5_205.5,1006952055,20.5,-154.5
grid_20.5_206.5,1006952065,20.5,-153.5
grid_20.5_254.5,1006952545,20.5,-105.5
grid_20.5_255.5,1006952555,20.5,-104.5
grid_20.5_256.5,1006952565,20.5,-103.5
grid_20.5_261.5,1006952615,20.5,-98.5
grid_20.5_262.5,1006952625,20.5,-97.5
grid_20.5_263.5,1006952635,20.5,-96.5
grid_20.5_264.5,1006952645,20.5,-95.5
grid_20.5_267.5,1006952675,20.5,-92.5
grid_20.5_268.5,1006952685,20.5,-91.5
grid_20.5_269.5,1006952695,20.5,-90.5
grid_20.5_270.5,1006952705,20.5,-89.5
grid_20.5_271.5,1006952715,20.5,-88.5
grid_20.5_274.5,1006952745,20.5,-85.5
grid_20.5_275.5,1006952755,20.5,-84.5
grid_20.5_276.5,1006952765,20.5,-83.5
grid_20.5_277.5,1006952775,20.5,-82.5
grid_20.5_278.5,1006952785,20.5,-81.5
grid_20.5_279.5,1006952795,20.5,-80.5
grid_20.5_280.5,1006952805,20.5,-79.5
grid_20.5_281.5,1006952815,20.5,-78.5
grid_20.5_282.5,1006952825,20.5,-77.5
grid_20.5_283.5,1006952835,20.5,-76.5
grid_20.5_284.5,1006952845,20.5,-75.5
grid_20.5_285.5,1006952855,20.5,-74.5
grid_20.5_286.5,1006952865,20.5,-73.5
grid_19.5_165.5,1007051655,19.5,165.5
grid_19.5_166.5,1007051665,19.5,166.5
grid_19.5_167.5,1007051675,19.5,167.5
grid_19.5_168.5,1007051685,19.5,168.5
grid_19.5_201.5,1007052015,19.5,-158.5
grid_19.5_202.5,1007052025,19.5,-157.5
grid_19.5_203.5,1007052035,19.5,-156.5
grid_19.5_204.5,1007052045,19.5,-155.5
grid_19.5_205.5,1007052055,19.5,-154.5
grid_19.5_206.5,1007052065,19.5,-153.5
grid_19.5_254.5,1007052545,19.5,-105.5
grid_19.5_255.5,1007052555,19.5,-104.5
grid_19.5_256.5,1007052565,19.5,-103.5
grid_19.5_257.5,1007052575,19.5,-102.5
grid_19.5_261.5,1007052615,19.5,-98.5
grid_19.5_262.5,1007052625,19.5,-97.5
grid_19.5_263.5,1007052635,19.5,-96.5
grid_19.5_264.5,1007052645,19.5,-95.5
grid_19.5_265.5,1007052655,19.5,-94.5
grid_19.5_266.5,1007052665,19.5,-93.5
grid_19.5_267.5,1007052675,19.5,-92.5
grid_19.5_268.5,1007052685,19.5,-91.5
grid_19.5_269.5,1007052695,19.5,-90.5
grid_19.5_270.5,1007052705,19.5,-89.5
grid_19.5_277.5,1007052775,19.5,-82.5
grid_19.5_278.5,1007052785,19.5,-81.5
grid_19.5_279.5,1007052795,19.5,-80.5
grid_19.5_280.5,1007052805,19.5,-79.5
grid_19.5_281.5,1007052815,19.5,-78.5
grid_19.5_282.5,1007052825,19.5,-77.5
grid_19.5_283.5,1007052835,19.5,-76.5
grid_19.5_284.5,1007052845,19.5,-75.5
grid_19.5_285.5,1007052855,19.5,-74.5
grid_19.5_286.5,1007052865,19.5,-73.5
grid_19.5_292.5,1007052925,19.5,-67.5
grid_19.5_293.5,1007052935,19.5,-66.5
grid_19.5_294.5,1007052945,19.5,-65.5
grid_19.5_295.5,1007052955,19.5,-64.5
grid_19.5_296.5,1007052965,19.5,-63.5
grid_18.5_165.5,1007151655,18.5,165.5
grid_18.5_166.5,1007151665,18.5,166.5
grid_18.5_167.5,1007151675,18.5,167.5
grid_18.5_168.5,1007151685,18.5,168.5
grid_18.5_189.5,1007151895,18.5,-170.5
grid_18.5_190.5,1007151905,18.5,-169.5
grid_18.5_203.5,1007152035,18.5,-156.5
grid_18.5_204.5,1007152045,18.5,-155.5
grid_18.5_205.5,1007152055,18.5,-154.5
grid_18.5_206.5,1007152065,18.5,-153.5
grid_18.5_254.5,1007152545,18.5,-105.5
grid_18.5_255.5,1007152555,18.5,-104.5
grid_18.5_256.5,1007152565,18.5,-103.5
grid_18.5_257.5,1007152575,18.5,-102.5
grid_18.5_259.5,1007152595,18.5,-100.5
grid_18.5_260.5,1007152605,18.5,-99.5
grid_18.5_262.5,1007152625,18.5,-97.5
grid_18.5_263.5,1007152635,18.5,-96.5
grid_18.5_264.5,1007152645,18.5,-95.5
grid_18.5_265.5,1007152655,18.5,-94.5
grid_18.5_266.5,1007152665,18.5,-93.5
grid_18.5_267.5,1007152675,18.5,-92.5
grid_18.5_268.5,1007152685,18.5,-91.5
grid_18.5_269.5,1007152695,18.5,-90.5
grid_18.5_277.5,1007152775,18.5,-82.5
grid_18.5_278.5,1007152785,18.5,-81.5
grid_18.5_279.5,1007152795,18.5,-80.5
grid_18.5_280.5,1007152805,18.5,-79.5
grid_18.5_281.5,1007152815,18.5,-78.5
grid_18.5_282.5,1007152825,18.5,-77.5
grid_18.5_283.5,1007152835,18.5,-76.5
grid_18.5_284.5,1007152845,18.5,-75.5
grid_18.5_285.5,1007152855,18.5,-74.5
grid_18.5_291.5,1007152915,18.5,-68.5
grid_18.5_292.5,1007152925,18.5,-67.5
grid_18.5_293.5,1007152935,18.5,-66.5
grid_18.5_294.5,1007152945,18.5,-65.5
grid_18.5_295.5,1007152955,18.5,-64.5
grid_18.5_296.5,1007152965,18.5,-63.5
grid_17.5_166.5,1007251665,17.5,166.5
grid_17.5_167.5,1007251675,17.5,167.5
grid_17.5_189.5,1007251895,17.5,-170.5
grid_17.5_190.5,1007251905,17.5,-169.5
grid_17.5_191.5,1007251915,17.5,-168.5
grid_17.5_254.5,1007252545,17.5,-105.5
grid_17.5_255.5,1007252555,17.5,-104.5
grid_17.5_256.5,1007252565,17.5,-103.5
grid_17.5_258.5,1007252585,17.5,-101.5
grid_17.5_259.5,1007252595,17.5,-100.5
grid_17.5_260.5,1007252605,17.5,-99.5
grid_17.5_261.5,1007252615,17.5,-98.5
grid_17.5_263.5,1007252635,17.5,-96.5
grid_17.5_264.5,1007252645,17.5,-95.5
grid_17.5_265.5,1007252655,17.5,-94.5
grid_17.5_266.5,1007252665,17.5,-93.5
grid_17.5_267.5,1007252675,17.5,-92.5
grid_17.5_268.5,1007252685,17.5,-91.5
grid_17.5_269.5,1007252695,17.5,-90.5
grid_17.5_270.5,1007252705,17.5,-89.5
grid_17.5_271.5,1007252715,17.5,-88.5
grid_17.5_272.5,1007252725,17.5,-87.5
grid_17.5_278.5,1007252785,17.5,-81.5
grid_17.5_279.5,1007252795,17.5,-80.5
grid_17.5_291.5,1007252915,17.5,-68.5
grid_17.5_292.5,1007252925,17.5,-67.5
grid_17.5_293.5,1007252935,17.5,-66.5
grid_17.5_294.5,1007252945,17.5,-65.5
grid_17.5_295.5,1007252955,17.5,-64.5
grid_17.5_296.5,1007252965,17.5,-63.5
grid_16.5_144.5,1007351445,16.5,144.5
grid_16.5_145.5,1007351455,16.5,145.5
grid_16.5_146.5,1007351465,16.5,146.5
grid_16.5_188.5,1007351885,16.5,-171.5
grid_16.5_189.5,1007351895,16.5,-170.5
grid_16.5_190.5,1007351905,16.5,-169.5
grid_16.5_191.5,1007351915,16.5,-168.5
grid_16.5_192.5,1007351925,16.5,-167.5
grid_16.5_258.5,1007352585,16.5,-101.5
grid_16.5_259.5,1007352595,16.5,-100.5
grid_16.5_260.5,1007352605,16.5,-99.5
grid_16.5_261.5,1007352615,16.5,-98.5
grid_16.5_263.5,1007352635,16.5,-96.5
grid_16.5_264.5,1007352645,16.5,-95.5
grid_16.5_265.5,1007352655,16.5,-94.5
grid_16.5_266.5,1007352665,16.5,-93.5
grid_16.5_269.5,1007352695,16.5,-90.5
grid_16.5_270.5,1007352705,16.5,-89.5
grid_16.5_271.5,1007352715,16.5,-88.5
grid_16.5_272.5,1007352725,16.5,-87.5
grid_16.5_273.5,1007352735,16.5,-86.5
grid_16.5_292.5,1007352925,16.5,-67.5
grid_16.5_293.5,1007352935,16.5,-66.5
grid_16.5_294.5,1007352945,16.5,-65.5
grid_16.5_295.5,1007352955,16.5,-64.5
grid_16.5_296.5,1007352965,16.5,-63.5
grid_15.5_144.5,1007451445,15.5,144.5
grid_15.5_145.5,1007451455,15.5,145.5
grid_15.5_146.5,1007451465,15.5,146.5
grid_15.5_147.5,1007451475,15.5,147.5
grid_15.5_189.5,1007451895,15.5,-170.5
grid_15.5_190.5,1007451905,15.5,-169.5
grid_15.5_191.5,1007451915,15.5,-168.5
grid_15.5_259.5,1007452595,15.5,-100.5
grid_15.5_260.5,1007452605,15.5,-99.5
grid_15.5_261.5,1007452615,15.5,-98.5
grid_15.5_263.5,1007452635,15.5,-96.5
grid_15.5_264.5,1007452645,15.5,-95.5
grid_15.5_265.5,1007452655,15.5,-94.5
grid_15.5_269.5,1007452695,15.5,-90.5
grid_15.5_270.5,1007452705,15.5,-89.5
grid_15.5_271.5,1007452715,15.5,-88.5
grid_15.5_272.5,1007452725,15.5,-87.5
grid_15.5_273.5,1007452735,15.5,-86.5
grid_14.5_143.5,1007551435,14.5,143.5
grid_14.5_144.5,1007551445,14.5,144.5
grid_14.5_145.5,1007551455,14.5,145.5
grid_14.5_146.5,1007551465,14.5,146.5
grid_14.5_147.5,1007551475,14.5,147.5
grid_14.5_270.5,1007552705,14.5,-89.5
grid_14.5_271.5,1007552715,14.5,-88.5
grid_14.5_272.5,1007552725,14.5,-87.5
grid_14.5_273.5,1007552735,14.5,-86.5
grid_13.5_143.5,1007651435,13.5,143.5
grid_13.5_144.5,1007651445,13.5,144.5
grid_13.5_145.5,1007651455,13.5,145.5
grid_13.5_146.5,1007651465,13.5,146.5
grid_12.5_143.5,1007751435,12.5,143.5
grid_12.5_144.5,1007751445,12.5,144.5
grid_12.5_145.5,1007751455,12.5,145.5
grid_12.5_161.5,1007751615,12.5,161.5
grid_12.5_162.5,1007751625,12.5,162.5
grid_12.5_163.5,1007751635,12.5,163.5
grid_11.5_144.5,1007851445,11.5,144.5
grid_11.5_160.5,1007851605,11.5,160.5
grid_11.5_161.5,1007851615,11.5,161.5
grid_11.5_162.5,1007851625,11.5,162.5
grid_11.5_163.5,1007851635,11.5,163.5
grid_11.5_276.5,1007852765,11.5,-83.5
grid_11.5_277.5,1007852775,11.5,-82.5
grid_11.5_283.5,1007852835,11.5,-76.5
grid_11.5_284.5,1007852845,11.5,-75.5
grid_11.5_285.5,1007852855,11.5,-74.5
grid_10.5_161.5,1007951615,10.5,161.5
grid_10.5_162.5,1007951625,10.5,162.5
grid_10.5_163.5,1007951635,10.5,163.5
grid_10.5_167.5,1007951675,10.5,167.5
grid_10.5_168.5,1007951685,10.5,168.5
grid_10.5_275.5,1007952755,10.5,-84.5
grid_10.5_276.5,1007952765,10.5,-83.5
grid_10.5_277.5,1007952775,10.5,-82.5
grid_10.5_278.5,1007952785,10.5,-81.5
grid_10.5_279.5,1007952795,10.5,-80.5
grid_10.5_280.5,1007952805,10.5,-79.5
grid_10.5_281.5,1007952815,10.5,-78.5
grid_10.5_282.5,1007952825,10.5,-77.5
grid_10.5_283.5,1007952835,10.5,-76.5
grid_10.5_284.5,1007952845,10.5,-75.5
grid_10.5_285.5,1007952855,10.5,-74.5
grid_9.5_162.5,1008051625,9.5,162.5
grid_9.5_166.5,1008051665,9.5,166.5
grid_9.5_167.5,1008051675,9.5,167.5
grid_9.5_168.5,1008051685,9.5,168.5
grid_9.5_169.5,1008051695,9.5,169.5
grid_9.5_275.5,1008052755,9.5,-84.5
grid_9.5_276.5,1008052765,9.5,-83.5
grid_9.5_277.5,1008052775,9.5,-82.5
grid_9.5_278.5,1008052785,9.5,-81.5
grid_9.5_279.5,1008052795,9.5,-80.5
grid_9.5_280.5,1008052805,9.5,-79.5
grid_9.5_281.5,1008052815,9.5,-78.5
grid_9.5_283.5,1008052835,9.5,-76.5
grid_9.5_284.5,1008052845,9.5,-75.5
grid_9.5_285.5,1008052855,9.5,-74.5
grid_8.5_133.5,1008151335,8.5,133.5
grid_8.5_134.5,1008151345,8.5,134.5
grid_8.5_135.5,1008151355,8.5,135.5
grid_8.5_150.5,1008151505,8.5,150.5
grid_8.5_151.5,1008151515,8.5,151.5
grid_8.5_152.5,1008151525,8.5,152.5
grid_8.5_153.5,1008151535,8.5,153.5
grid_8.5_157.5,1008151575,8.5,157.5
grid_8.5_158.5,1008151585,8.5,158.5
grid_8.5_159.5,1008151595,8.5,159.5
grid_8.5_166.5,1008151665,8.5,166.5
grid_8.5_167.5,1008151675,8.5,167.5
grid_8.5_168.5,1008151685,8.5,168.5
grid_8.5_169.5,1008151695,8.5,169.5
grid_8.5_170.5,1008151705,8.5,170.5
grid_8.5_171.5,1008151715,8.5,171.5
grid_8.5_172.5,1008151725,8.5,172.5
grid_8.5_276.5,1008152765,8.5,-83.5
grid_8.5_277.5,1008152775,8.5,-82.5
grid_8.5_278.5,1008152785,8.5,-81.5
grid_8.5_279.5,1008152795,8.5,-80.5
grid_8.5_280.5,1008152805,8.5,-79.5
grid_8.5_281.5,1008152815,8.5,-78.5
grid_8.5_284.5,1008152845,8.5,-75.5
grid_7.5_132.5,1008251325,7.5,132.5
grid_7.5_133.5,1008251335,7.5,133.5
grid_7.5_134.5,1008251345,7.5,134.5
grid_7.5_135.5,1008251355,7.5,135.5
grid_7.5_150.5,1008251505,7.5,150.5
grid_7.5_151.5,1008251515,7.5,151.5
grid_7.5_152.5,1008251525,7.5,152.5
grid_7.5_153.5,1008251535,7.5,153.5
grid_7.5_156.5,1008251565,7.5,156.5
grid_7.5_157.5,1008251575,7.5,157.5
grid_7.5_158.5,1008251585,7.5,158.5
grid_7.5_159.5,1008251595,7.5,159.5
grid_7.5_166.5,1008251665,7.5,166.5
grid_7.5_167.5,1008251675,7.5,167.5
grid_7.5_168.5,1008251685,7.5,168.5
grid_7.5_169.5,1008251695,7.5,169.5
grid_7.5_170.5,1008251705,7.5,170.5
grid_7.5_171.5,1008251715,7.5,171.5
grid_7.5_172.5,1008251725,7.5,172.5
grid_6.5_133.5,1008351335,6.5,133.5
grid_6.5_134.5,1008351345,6.5,134.5
grid_6.5_135.5,1008351355,6.5,135.5
grid_6.5_150.5,1008351505,6.5,150.5
grid_6.5_151.5,1008351515,6.5,151.5
grid_6.5_152.5,1008351525,6.5,152.5
grid_6.5_153.5,1008351535,6.5,153.5
grid_6.5_156.5,1008351565,6.5,156.5
grid_6.5_157.5,1008351575,6.5,157.5
grid_6.5_158.5,1008351585,6.5,158.5
grid_6.5_159.5,1008351595,6.5,159.5
grid_6.5_169.5,1008351695,6.5,169.5
grid_6.5_170.5,1008351705,6.5,170.5
grid_6.5_171.5,1008351715,6.5,171.5
grid_6.5_172.5,1008351725,6.5,172.5
grid_5.5_134.5,1008451345,5.5,134.5
grid_5.5_151.5,1008451515,5.5,151.5
grid_5.5_157.5,1008451575,5.5,157.5
grid_5.5_158.5,1008451585,5.5,158.5
grid_5.5_159.5,1008451595,5.5,159.5
grid_5.5_170.5,1008451705,5.5,170.5
grid_5.5_171.5,1008451715,5.5,171.5
grid_5.5_172.5,1008451725,5.5,172.5
grid_3.5_201.5,1008652015,3.5,-158.5
grid_3.5_202.5,1008652025,3.5,-157.5
grid_3.5_203.5,1008652035,3.5,-156.5
grid_2.5_153.5,1008751535,2.5,153.5
grid_2.5_154.5,1008751545,2.5,154.5
grid_2.5_155.5,1008751555,2.5,155.5
grid_2.5_171.5,1008751715,2.5,171.5
grid_2.5_172.5,1008751725,2.5,172.5
grid_2.5_173.5,1008751735,2.5,173.5
grid_2.5_174.5,1008751745,2.5,174.5
grid_2.5_201.5,1008752015,2.5,-158.5
grid_2.5_202.5,1008752025,2.5,-157.5
grid_2.5_203.5,1008752035,2.5,-156.5
grid_1.5_153.5,1008851535,1.5,153.5
grid_1.5_154.5,1008851545,1.5,154.5
grid_1.5_155.5,1008851555,1.5,155.5
grid_1.5_156.5,1008851565,1.5,156.5
grid_1.5_171.5,1008851715,1.5,171.5
grid_1.5_172.5,1008851725,1.5,172.5
grid_1.5_173.5,1008851735,1.5,173.5
grid_1.5_174.5,1008851745,1.5,174.5
grid_1.5_201.5,1008852015,1.5,-158.5
grid_1.5_202.5,1008852025,1.5,-157.5
grid_1.5_203.5,1008852035,1.5,-156.5
grid_0.5_153.5,1008951535,0.5,153.5
grid_0.5_154.5,1008951545,0.5,154.5
grid_0.5_155.5,1008951555,0.5,155.5
grid_0.5_156.5,1008951565,0.5,156.5
grid_0.5_165.5,1008951655,0.5,165.5
grid_0.5_166.5,1008951665,0.5,166.5
grid_0.5_167.5,1008951675,0.5,167.5
grid_0.5_168.5,1008951685,0.5,168.5
grid_0.5_171.5,1008951715,0.5,171.5
grid_0.5_172.5,1008951725,0.5,172.5
grid_0.5_173.5,1008951735,0.5,173.5
grid_0.5_174.5,1008951745,0.5,174.5
grid_0.5_201.5,1008952015,0.5,-158.5
grid_0.5_202.5,1008952025,0.5,-157.5
grid_0.5_203.5,1008952035,0.5,-156.5
grid_-0.5_154.5,1009051545,-0.5,154.5
grid_-0.5_155.5,1009051555,-0.5,155.5
grid_-0.5_165.5,1009051655,-0.5,165.5
grid_-0.5_166.5,1009051665,-0.5,166.5
grid_-0.5_167.5,1009051675,-0.5,167.5
grid_-0.5_168.5,1009051685,-0.5,168.5
grid_-0.5_172.5,1009051725,-0.5,172.5
grid_-0.5_173.5,1009051735,-0.5,173.5
grid_-1.5_165.5,1009151655,-1.5,165.5
grid_-1.5_166.5,1009151665,-1.5,166.5
grid_-1.5_167.5,1009151675,-1.5,167.5
grid_-1.5_168.5,1009151685,-1.5,168.5
grid_-1.5_187.5,1009151875,-1.5,-172.5
grid_-1.5_188.5,1009151885,-1.5,-171.5
grid_-1.5_189.5,1009151895,-1.5,-170.5
grid_-2.5_186.5,1009251865,-2.5,-173.5
grid_-2.5_187.5,1009251875,-2.5,-172.5
grid_-2.5_188.5,1009251885,-2.5,-171.5
grid_-2.5_189.5,1009251895,-2.5,-170.5
grid_-3.5_186.5,1009351865,-3.5,-173.5
grid_-3.5_187.5,1009351875,-3.5,-172.5
grid_-3.5_188.5,1009351885,-3.5,-171.5
grid_-3.5_189.5,1009351895,-3.5,-170.5
grid_-4.5_187.5,1009451875,-4.5,-172.5
grid_-4.5_188.5,1009451885,-4.5,-171.5
grid_-7.5_159.5,1009751595,-7.5,159.5
grid_-7.5_177.5,1009751775,-7.5,177.5
grid_-7.5_178.5,1009751785,-7.5,178.5
grid_-7.5_179.5,1009751795,-7.5,179.5
grid_-7.5_180.5,1009751805,-7.5,180.5
grid_-7.5_201.5,1009752015,-7.5,-158.5
grid_-7.5_202.5,1009752025,-7.5,-157.5
grid_-8.5_158.5,1009851585,-8.5,158.5
grid_-8.5_159.5,1009851595,-8.5,159.5
grid_-8.5_160.5,1009851605,-8.5,160.5
grid_-8.5_161.5,1009851615,-8.5,161.5
grid_-8.5_177.5,1009851775,-8.5,177.5
grid_-8.5_178.5,1009851785,-8.5,178.5
grid_-8.5_179.5,1009851795,-8.5,179.5
grid_-8.5_180.5,1009851805,-8.5,180.5
grid_-8.5_200.5,1009852005,-8.5,-159.5
grid_-8.5_201.5,1009852015,-8.5,-158.5
grid_-8.5_202.5,1009852025,-8.5,-157.5
grid_-8.5_203.5,1009852035,-8.5,-156.5
grid_-9.5_158.5,1009951585,-9.5,158.5
grid_-9.5_159.5,1009951595,-9.5,159.5
grid_-9.5_160.5,1009951605,-9.5,160.5
grid_-9.5_161.5,1009951615,-9.5,161.5
grid_-9.5_177.5,1009951775,-9.5,177.5
grid_-9.5_178.5,1009951785,-9.5,178.5
grid_-9.5_179.5,1009951795,-9.5,179.5
grid_-9.5_180.5,1009951805,-9.5,180.5
grid_-9.5_200.5,1009952005,-9.5,-159.5
grid_-9.5_201.5,1009952015,-9.5,-158.5
grid_-9.5_202.5,1009952025,-9.5,-157.5
grid_-9.5_203.5,1009952035,-9.5,-156.5
grid_-10.5_158.5,1010051585,-10.5,158.5
grid_-10.5_159.5,1010051595,-10.5,159.5
grid_-10.5_160.5,1010051605,-10.5,160.5
grid_-10.5_161.5,1010051615,-10.5,161.5
grid_-10.5_179.5,1010051795,-10.5,179.5
grid_-10.5_201.5,1010052015,-10.5,-158.5
grid_-10.5_202.5,1010052025,-10.5,-157.5
grid_-12.5_187.5,1010251875,-12.5,-172.5
grid_-12.5_188.5,1010251885,-12.5,-171.5
grid_-12.5_189.5,1010251895,-12.5,-170.5
grid_-13.5_186.5,1010351865,-13.5,-173.5
grid_-13.5_187.5,1010351875,-13.5,-172.5
grid_-13.5_188.5,1010351885,-13.5,-171.5
grid_-13.5_189.5,1010351895,-13.5,-170.5
grid_-13.5_190.5,1010351905,-13.5,-169.5
grid_-14.5_186.5,1010451865,-14.5,-173.5
grid_-14.5_187.5,1010451875,-14.5,-172.5
grid_-14.5_188.5,1010451885,-14.5,-171.5
grid_-14.5_189.5,1010451895,-14.5,-170.5
grid_-14.5_190.5,1010451905,-14.5,-169.5
grid_-15.5_187.5,1010551875,-15.5,-172.5
grid_-15.5_188.5,1010551885,-15.5,-171.5
grid_-15.5_189.5,1010551895,-15.5,-170.5
grid_-15.5_190.5,1010551905,-15.5,-169.5
grid_-16.5_167.5,1010651675,-16.5,167.5
grid_-16.5_168.5,1010651685,-16.5,168.5
grid_-16.5_169.5,1010651695,-16.5,169.5
grid_-16.5_176.5,1010651765,-16.5,176.5
grid_-16.5_177.5,1010651775,-16.5,177.5
grid_-16.5_178.5,1010651785,-16.5,178.5
grid_-16.5_179.5,1010651795,-16.5,179.5
grid_-16.5_209.5,1010652095,-16.5,-150.5
grid_-16.5_210.5,1010652105,-16.5,-149.5
grid_-16.5_211.5,1010652115,-16.5,-148.5
grid_-17.5_166.5,1010751665,-17.5,166.5
grid_-17.5_167.5,1010751675,-17.5,167.5
grid_-17.5_168.5,1010751685,-17.5,168.5
grid_-17.5_169.5,1010751695,-17.5,169.5
grid_-17.5_175.5,1010751755,-17.5,175.5
grid_-17.5_176.5,1010751765,-17.5,176.5
grid_-17.5_177.5,1010751775,-17.5,177.5
grid_-17.5_178.5,1010751785,-17.5,178.5
grid_-17.5_179.5,1010751795,-17.5,179.5
grid_-17.5_208.5,1010752085,-17.5,-151.5
grid_-17.5_209.5,1010752095,-17.5,-150.5
grid_-17.5_210.5,1010752105,-17.5,-149.5
grid_-17.5_211.5,1010752115,-17.5,-148.5
grid_-17.5_212.5,1010752125,-17.5,-147.5
grid_-18.5_166.5,1010851665,-18.5,166.5
grid_-18.5_167.5,1010851675,-18.5,167.5
grid_-18.5_168.5,1010851685,-18.5,168.5
grid_-18.5_169.5,1010851695,-18.5,169.5
grid_-18.5_176.5,1010851765,-18.5,176.5
grid_-18.5_177.5,1010851775,-18.5,177.5
grid_-18.5_178.5,1010851785,-18.5,178.5
grid_-18.5_179.5,1010851795,-18.5,179.5
grid_-18.5_209.5,1010852095,-18.5,-150.5
grid_-18.5_210.5,1010852105,-18.5,-149.5
grid_-18.5_211.5,1010852115,-18.5,-148.5
grid_-19.5_167.5,1010951675,-19.5,167.5
grid_-19.5_168.5,1010951685,-19.5,168.5
grid_-19.5_177.5,1010951775,-19.5,177.5
grid_-19.5_178.5,1010951785,-19.5,178.5
grid_-19.5_179.5,1010951795,-19.5,179.5
grid_-19.5_184.5,1010951845,-19.5,-175.5
grid_-19.5_185.5,1010951855,-19.5,-174.5
grid_-19.5_199.5,1010951995,-19.5,-160.5
grid_-19.5_200.5,1010952005,-19.5,-159.5
grid_-19.5_210.5,1010952105,-19.5,-149.5
grid_-20.5_165.5,1011051655,-20.5,165.5
grid_-20.5_166.5,1011051665,-20.5,166.5
grid_-20.5_183.5,1011051835,-20.5,-176.5
grid_-20.5_184.5,1011051845,-20.5,-175.5
grid_-20.5_185.5,1011051855,-20.5,-174.5
grid_-20.5_186.5,1011051865,-20.5,-173.5
grid_-20.5_198.5,1011051985,-20.5,-161.5
grid_-20.5_199.5,1011051995,-20.5,-160.5
grid_-20.5_200.5,1011052005,-20.5,-159.5
grid_-20.5_201.5,1011052015,-20.5,-158.5
grid_-21.5_164.5,1011151645,-21.5,164.5
grid_-21.5_165.5,1011151655,-21.5,165.5
grid_-21.5_166.5,1011151665,-21.5,166.5
grid_-21.5_167.5,1011151675,-21.5,167.5
grid_-21.5_183.5,1011151835,-21.5,-176.5
grid_-21.5_184.5,1011151845,-21.5,-175.5
grid_-21.5_185.5,1011151855,-21.5,-174.5
grid_-21.5_186.5,1011151865,-21.5,-173.5
grid_-21.5_198.5,1011151985,-21.5,-161.5
grid_-21.5_199.5,1011151995,-21.5,-160.5
grid_-21.5_200.5,1011152005,-21.5,-159.5
grid_-21.5_201.5,1011152015,-21.5,-158.5
grid_-21.5_224.5,1011152245,-21.5,-135.5
grid_-21.5_225.5,1011152255,-21.5,-134.5
grid_-22.5_164.5,1011251645,-22.5,164.5
grid_-22.5_165.5,1011251655,-22.5,165.5
grid_-22.5_166.5,1011251665,-22.5,166.5
grid_-22.5_167.5,1011251675,-22.5,167.5
grid_-22.5_168.5,1011251685,-22.5,168.5
grid_-22.5_183.5,1011251835,-22.5,-176.5
grid_-22.5_184.5,1011251845,-22.5,-175.5
grid_-22.5_185.5,1011251855,-22.5,-174.5
grid_-22.5_199.5,1011251995,-22.5,-160.5
grid_-22.5_200.5,1011252005,-22.5,-159.5
grid_-22.5_201.5,1011252015,-22.5,-158.5
grid_-22.5_223.5,1011252235,-22.5,-136.5
grid_-22.5_224.5,1011252245,-22.5,-135.5
grid_-22.5_225.5,1011252255,-22.5,-134.5
grid_-22.5_226.5,1011252265,-22.5,-133.5
grid_-23.5_165.5,1011351655,-23.5,165.5
grid_-23.5_166.5,1011351665,-23.5,166.5
grid_-23.5_167.5,1011351675,-23.5,167.5
grid_-23.5_223.5,1011352235,-23.5,-136.5
grid_-23.5_224.5,1011352245,-23.5,-135.5
grid_-23.5_225.5,1011352255,-23.5,-134.5
grid_-23.5_226.5,1011352265,-23.5,-133.5
grid_-24.5_223.5,1011452235,-24.5,-136.5
grid_-24.5_224.5,1011452245,-24.5,-135.5
grid_-24.5_225.5,1011452255,-24.5,-134.5
grid_-24.5_226.5,1011452265,-24.5,-133.5
grid_-25.5_249.5,1011552495,-25.5,-110.5
grid_-25.5_250.5,1011552505,-25.5,-109.5
grid_-25.5_251.5,1011552515,-25.5,-108.5
grid_-26.5_248.5,1011652485,-26.5,-111.5
grid_-26.5_249.5,1011652495,-26.5,-110.5
grid_-26.5_250.5,1011652505,-26.5,-109.5
grid_-26.5_251.5,1011652515,-26.5,-108.5
grid_-26.5_252.5,1011652525,-26.5,-107.5
grid_-27.5_248.5,1011752485,-27.5,-111.5
grid_-27.5_249.5,1011752495,-27.5,-110.5
grid_-27.5_250.5,1011752505,-27.5,-109.5
grid_-27.5_251.5,1011752515,-27.5,-108.5
grid_-27.5_252.5,1011752525,-27.5,-107.5
grid_-28.5_249.5,1011852495,-28.5,-110.5
grid_-28.5_250.5,1011852505,-28.5,-109.5
grid_-28.5_251.5,1011852515,-28.5,-108.5
